,Unnamed: 0,numServices,robots,totalscans,detections,vt_class,entropy,numDigits,urlLength,numParams,hasHttp,hasHttps,bodyLength,numTitles,numImages,numLinks,scriptLength,specialChars,ext,dsr,dse,sscr,sbr,bscr
0,0,0,False,76,6,Benign,-4.316047820731587,2,90,0,True,False,0,0,0,0,0,0,com,5789,54,0.0,0.0,0.0
1,1,2,False,76,6,Benign,-4.389681184403285,6,92,0,True,False,21793,6,7,124,17321,6426,com,9052,443,2.6954559601618424,0.7947964942871564,0.2948653237278025
2,2,8,False,76,5,Benign,-4.550597127160446,29,115,0,True,False,13372,91,31,181,8248,3163,html,6692,1708,2.607650964274423,0.6168112473825905,0.23653903679329943
3,3,0,False,0,0,Benign,-4.101808533858618,0,47,0,True,False,0,0,0,0,0,0,html,84,282,0.0,0.0,0.0
4,4,1,False,71,7,Benign,-4.633751694709164,14,96,5,True,False,0,0,0,0,0,0,php?name1st=%E3%82%8A&all=1&all2=1&all3=1&all4=1&p=11,5091,1848,0.0,0.0,0.0
5,5,3,False,66,7,Benign,-4.587894784807008,6,96,0,True,False,17750,17,1,105,10801,4845,org,0,0,2.229308565531476,0.6085070422535211,0.2729577464788732
6,6,6,False,76,12,Malicious,-3.5739348962840563,0,24,0,True,False,952,9,0,2,0,187,top,0,0,0.0,0.0,0.19642857142857142
7,7,2,False,66,7,Benign,-4.502808498333803,0,117,0,True,False,21985,7,51,320,14402,5986,com,6551,1118,2.405947210157033,0.6550830111439618,0.27227655219467817
8,8,2,False,71,19,Malicious,-4.326864295733005,1,52,0,False,True,0,0,0,0,0,0,net,2210,346,0.0,0.0,0.0
9,9,2,False,76,5,Benign,-4.777056047630467,16,91,0,False,True,43148,31,35,110,37207,14172,com,8831,1031,2.625388089189952,0.8623111152312969,0.32845091313618247
10,10,2,False,76,7,Benign,-5.749470844670171,80,577,0,True,False,18457,5,7,20,3864,3857,com,1459,1,1.0018148820326678,0.20935146556861894,0.20897220566722652
11,11,2,False,71,7,Benign,-4.852593259215103,7,168,1,False,True,1343,3,0,5,828,366,com%2Fhub%2FSciatic-Nerve-Pain-Relief-Home-Natural-Remedies&text=Sciatic+Pain+-+Natural+Treatments+%26+Home+Remedies,7402,268,2.262295081967213,0.616530156366344,0.27252419955323903
12,12,2,False,0,0,Benign,-4.349712458420389,2,47,0,False,True,587,1,0,1,521,140,com,2910,376,3.7214285714285715,0.8875638841567292,0.23850085178875638
13,13,3,False,71,7,Benign,-4.617079538716553,19,109,0,True,False,25861,57,40,201,13621,7459,chn,0,0,1.826116101354069,0.526700436951394,0.28842658829898304
14,14,2,False,77,20,Malicious,-4.499095389252757,3,70,0,True,False,425,0,0,0,414,34,com,418,312,12.176470588235293,0.9741176470588235,0.08
15,15,7,False,71,18,Malicious,-4.218720136335857,0,51,0,False,True,0,0,0,0,0,0,com,618,112,0.0,0.0,0.0
16,16,2,False,66,7,Benign,-4.518355100060621,21,87,0,True,False,14714,0,2,10,3353,3425,com,2645,276,0.978978102189781,0.22787821122740248,0.23277151012641023
17,17,9,False,76,9,Benign,-4.578539852083441,18,47,0,True,False,9227,22,11,29,2840,2060,biz,3830,187,1.3786407766990292,0.30779234854232146,0.22325783028069796
18,18,13,False,71,11,Malicious,-4.323080006743234,0,66,0,False,True,7777,2,2,70,4788,1913,html,0,0,2.502875065342394,0.6156615661566157,0.24598174103124598
19,19,2,False,76,6,Benign,-4.508124199247076,7,95,0,True,False,208019,20,10,82,36129,46214,com,6510,64,0.7817760851689964,0.17368125027040798,0.22216239862704848
20,20,1,False,76,6,Benign,-4.307059437926816,2,92,0,True,False,12,0,0,0,0,1,html,139,226,0.0,0.0,0.08333333333333333
21,21,9,False,71,7,Benign,-4.3911971604236175,8,106,0,True,False,17208,23,7,139,13213,4997,start,4285,97,2.644186511907144,0.7678405392840539,0.2903881915388192
22,22,4,False,71,8,Benign,-3.653756708287,1,21,0,True,False,899,0,3,3,150,311,ly,0,0,0.48231511254019294,0.1668520578420467,0.3459399332591769
23,23,3,False,76,11,Malicious,-5.507414650351155,10,132,0,False,True,58431,30,288,493,5870,13237,com,2864,422,0.4434539548236005,0.1004603720627749,0.22654070613201896
24,24,1,False,71,11,Malicious,-3.934829508503261,0,40,0,False,True,5158,13,1,26,0,959,html,87,277,0.0,0.0,0.18592477704536642
25,25,2,False,76,6,Benign,-3.555044312910037,69,172,0,True,False,30716,0,3,36,794,4506,jp,0,0,0.17620949844651576,0.025849720015627034,0.1466987889048053
26,26,2,False,76,5,Benign,-4.268918589494275,6,106,0,True,False,15414,4,4,26,11227,3961,com,9706,1980,2.834385256248422,0.7283638250940703,0.25697417931750355
27,27,2,False,71,16,Malicious,-3.7742078478162218,0,33,0,True,False,0,0,0,0,0,0,com,130,235,0.0,0.0,0.0
28,28,2,False,71,7,Benign,-4.419037514667544,8,97,2,False,True,1814,2,1,22,1490,449,com%2Fp%2Fpocket-topics%2Fparenting,3371,281,3.318485523385301,0.8213891951488423,0.24751929437706727
29,29,0,False,0,0,Benign,-4.622227320944884,5,59,0,False,True,0,0,0,0,0,0,com,220,145,0.0,0.0,0.0
30,30,1,False,71,8,Benign,-4.93492089172635,10,92,3,True,False,0,1,0,0,0,0,php?bo_table=torrent_song&wr_id=46759&k=%EB%A9%9C%EB%A1%A0&page=1,1861,330,0.0,0.0,0.0
31,31,11,False,76,11,Malicious,-3.9970822612219763,0,50,0,True,False,164,1,0,0,0,28,xyz,103,263,0.0,0.0,0.17073170731707318
32,32,12,False,76,6,Benign,-4.4031565304235665,8,99,0,True,False,17733,23,7,139,12999,5011,start,4285,97,2.5940929954100977,0.7330400947386229,0.2825804996334518
33,33,2,False,76,5,Benign,-4.397431657470643,7,92,0,True,False,37235,12,14,58,24946,9326,com,9706,1980,2.674887411537637,0.6699610581442191,0.25046327380153083
34,34,3,False,71,9,Benign,-3.735926350629032,0,28,0,True,False,265,3,1,2,2,49,com,90,275,0.04081632653061224,0.007547169811320755,0.18490566037735848
35,35,0,False,71,11,Malicious,-4.319250912838829,2,60,0,False,True,0,0,0,0,0,0,net,9027,38,0.0,0.0,0.0
36,36,1,False,71,8,Benign,-4.519976679963127,5,52,0,True,False,0,0,0,0,0,0,com,90,640,0.0,0.0,0.0
37,37,0,False,76,12,Malicious,-4.120934959783182,0,44,0,True,False,0,0,0,0,0,0,net,963,132,0.0,0.0,0.0
38,38,1,False,76,6,Benign,-4.261026707771433,1,105,0,True,False,257773,0,4,36,156509,64553,id,4241,145,2.4245038960234226,0.6071582361224799,0.250425762201627
39,39,2,False,66,7,Benign,-5.041375602705262,11,169,4,True,False,12979,15,26,40,9751,3593,11&programId=LOA01-HomeLoans&chCatId=,0,0,2.7138881157806845,0.7512905462670467,0.2768318052238231
40,40,2,False,71,7,Benign,-4.777462658769744,24,88,1,True,False,7789,21,28,268,4422,2313,com,7686,2906,1.9118028534370948,0.5677237129284889,0.29695724740017976
41,41,2,False,72,7,Benign,-4.3578378249714635,2,37,0,False,True,23126,12,1,4,20876,7318,com,7477,193,2.852691992347636,0.9027069099714607,0.31644037014615584
42,42,3,False,71,8,Benign,-4.515091378790371,5,138,0,False,True,62584,0,0,5,59059,16676,com,8006,393,3.54155672823219,0.9436756998593889,0.2664578806084622
43,43,3,False,76,6,Benign,-4.845560690183442,12,100,1,True,False,22895,126,26,266,19080,6519,com,5231,2438,2.926829268292683,0.8333697313823979,0.2847346582223193
44,44,4,False,70,7,Benign,-4.534862581113472,20,90,0,True,False,24476,57,40,206,13460,7104,chn,0,0,1.8947072072072073,0.549926458571662,0.2902435038404968
45,45,0,False,76,11,Malicious,-5.238389285029816,35,254,0,False,True,0,0,0,0,0,0,com,111,254,0.0,0.0,0.0
46,46,8,False,72,19,Malicious,-4.026360459931183,0,37,0,True,False,1018,4,0,1,30,204,php,83,282,0.14705882352941177,0.029469548133595286,0.20039292730844793
47,47,0,False,71,16,Malicious,-5.128762305666703,11,145,0,False,True,0,0,0,0,0,0,php?ass=wKU_tF,95,270,0.0,0.0,0.0
48,48,2,False,71,7,Benign,-4.45022425920434,10,93,0,True,False,17678,19,4,79,14695,4077,html,5796,0,3.604365955359333,0.8312591922163141,0.23062563638420636
49,49,8,False,71,7,Benign,-4.8058523810640965,30,92,0,True,False,86362,2,3,40,85779,19309,com,8762,369,4.442436169661816,0.9932493457770779,0.22358213102985108
50,50,2,False,76,5,Benign,-4.329173844915891,12,94,0,True,False,10303,1,2,3,117,2561,com,5434,409,0.04568527918781726,0.01135591575269339,0.24856837814228866
51,51,2,False,77,20,Malicious,-4.516882710650421,4,70,0,True,False,425,0,0,0,414,35,com,418,312,11.82857142857143,0.9741176470588235,0.08235294117647059
52,52,2,False,76,6,Benign,-4.4115153459985095,6,93,0,True,False,26845,1,4,49,19905,6856,com,9706,1980,2.903296382730455,0.741478860122928,0.2553920655615571
53,53,0,False,76,10,Malicious,-5.166780865436759,33,155,1,True,False,0,0,0,0,0,0,-G-9-at%E2%88%9A%C2%A9-12,0,0,0.0,0.0,0.0
54,54,1,False,71,7,Benign,-4.114182133160496,1,89,0,True,False,257773,0,4,36,156509,64553,id,4241,145,2.4245038960234226,0.6071582361224799,0.250425762201627
55,55,8,False,76,5,Benign,-4.4483349110009005,8,97,0,True,False,20109,0,0,3,20009,6718,net,4535,578,2.978416195296219,0.9950271022925058,0.3340792679894575
56,56,0,False,71,7,Benign,-4.572735244781066,5,88,0,True,False,0,0,0,0,0,0,com,6403,171,0.0,0.0,0.0
57,57,1,False,76,5,Benign,-4.46895352984827,7,116,0,True,False,67377,29,45,637,10962,15180,com,5966,280,0.7221343873517787,0.1626964691215103,0.22529943452513468
58,58,2,False,76,5,Benign,-4.4678911974679405,23,87,0,True,False,14714,0,2,10,3353,3425,com,2645,276,0.978978102189781,0.22787821122740248,0.23277151012641023
59,59,2,False,76,6,Benign,-3.748936790444904,98,313,0,True,False,15761,1,11,98,12141,4234,net,8641,1584,2.867501180916391,0.7703191421864095,0.26863777679081274
60,60,0,False,71,9,Benign,-4.098171939471839,0,50,0,False,True,0,0,0,0,0,0,com,86,279,0.0,0.0,0.0
61,61,2,False,72,10,Malicious,-5.255194475037187,7,105,0,False,True,1553,0,0,3,0,329,com,8260,3061,0.0,0.0,0.21184803605924019
62,62,4,False,76,6,Benign,-4.387109032659971,2,89,0,True,False,51370,5,5,20,39411,15533,tv,6800,139,2.5372432884825855,0.7671987541366556,0.3023749270001947
63,63,0,False,71,16,Malicious,-5.235737555689799,39,251,0,False,True,0,0,0,0,0,0,com,111,254,0.0,0.0,0.0
64,64,2,False,76,5,Benign,-4.468022865178705,4,92,0,True,False,11544,10,48,256,5740,2970,com,7964,70,1.9326599326599327,0.4972279972279972,0.25727650727650725
65,65,0,False,0,0,Benign,-4.7208745377769645,55,125,0,False,True,0,0,0,0,0,0,com,96,269,0.0,0.0,0.0
66,66,2,True,76,6,Benign,-4.7291485384375935,20,155,2,True,False,3141,0,0,0,3141,942,do?_method=itemAreaList&area1=%EC%84%9C%EC%9A%B8%ED%8A%B9%EB%B3%84%EC%8B%9C&area2=%EC%9A%A9%EC%82%B0%EA%B5%AC,8842,655,3.3343949044585988,1.0,0.29990448901623684
67,67,0,False,72,17,Malicious,-4.185867302411998,0,35,0,False,True,0,0,0,0,0,0,php,84,281,0.0,0.0,0.0
68,68,9,False,0,0,Benign,-4.556017315504028,8,130,0,True,False,18695,23,7,139,13387,5196,js,4285,97,2.5764049268668208,0.7160738165284836,0.2779352768119818
69,69,2,False,66,7,Benign,-4.444902691720814,21,87,0,True,False,14714,0,2,10,3353,3425,com,2645,276,0.978978102189781,0.22787821122740248,0.23277151012641023
70,70,2,False,71,7,Benign,-4.3909804955184315,8,85,0,True,False,8984,1,1,0,5770,3170,html,5796,0,1.8201892744479495,0.6422528940338379,0.35284951024042743
71,71,0,False,76,14,Malicious,-4.385767539662272,8,79,0,False,True,0,0,0,0,0,0,com,86,279,0.0,0.0,0.0
72,72,2,False,71,7,Benign,-4.512286621231674,6,114,0,True,False,24062,2,31,140,19456,7457,com,4925,3126,2.6090921282016897,0.8085778405785056,0.3099077383426149
73,73,2,False,76,5,Benign,-4.5112668302668135,4,100,0,True,False,9194,10,2,96,1712,1849,org,10504,3009,0.9259058950784208,0.18620839678050902,0.20110941918642594
74,74,2,False,76,6,Benign,-4.85587561278562,23,93,0,False,True,0,0,0,0,0,0,html?52811152689395950248762,5570,273,0.0,0.0,0.0
75,75,2,False,76,6,Benign,-4.606655860431778,10,93,0,True,False,127294,1,0,20,10553,27136,com,5709,134,0.38889298349056606,0.08290257199868022,0.21317579775951734
76,76,2,False,77,20,Malicious,-4.628774982092718,5,70,0,True,False,423,0,0,0,412,37,com,418,312,11.135135135135135,0.9739952718676123,0.08747044917257683
77,77,9,False,66,7,Benign,-4.616718091357208,7,118,0,True,False,889,9,0,2,0,176,html?href=inner_website,1903,288,0.0,0.0,0.19797525309336333
78,78,2,False,76,6,Benign,-4.48762775041918,4,108,0,True,False,5167,10,2,95,1712,1154,org,10504,3009,1.483535528596187,0.3313334623572673,0.22334042964970002
79,79,0,False,76,11,Malicious,-3.873140679513132,5,26,0,False,True,0,0,0,0,0,0,net,84,281,0.0,0.0,0.0
80,80,2,False,76,13,Malicious,-4.348019918036975,7,43,0,True,False,41,1,0,0,0,6,ru,4288,94,0.0,0.0,0.14634146341463414
81,81,2,False,76,6,Benign,-4.569638149988001,10,83,0,True,False,41280,26,36,207,25300,11218,com,5721,852,2.255303975753254,0.6128875968992248,0.27175387596899225
82,82,2,False,76,6,Benign,-4.427771805463153,0,65,0,False,True,10516,16,13,57,1233,2202,uk,5620,223,0.5599455040871935,0.11724990490680867,0.20939520730315708
83,83,3,False,71,11,Malicious,-4.1738685753035725,3,47,0,False,True,11900,5,5,4,1389,3578,htm,1447,743,0.388205701509223,0.11672268907563026,0.30067226890756305
84,84,3,False,72,18,Malicious,-3.9224734155316097,0,34,0,False,True,0,0,0,0,0,0,fr,822,0,0.0,0.0,0.0
85,85,2,False,66,7,Benign,-5.4098254583385135,5,84,0,True,False,325775,12,12,22,306251,84162,com,5465,13,3.6388274993464984,0.9400690660732101,0.25834394904458596
86,86,0,False,71,15,Malicious,-3.8492239123906247,0,23,0,True,False,0,0,0,0,0,0,com,0,0,0.0,0.0,0.0
87,87,1,False,71,8,Benign,-5.02693115201077,24,158,0,True,False,3240,0,0,0,3240,1123,sbyky,3286,366,2.8851291184327694,1.0,0.34660493827160493
88,88,6,False,76,12,Malicious,-3.6732696895151062,0,25,0,False,True,952,9,0,2,0,187,top,0,0,0.0,0.0,0.19642857142857142
89,89,2,False,71,10,Malicious,-4.021268494903765,2,29,0,False,True,258,0,1,1,0,50,link,0,0,0.0,0.0,0.1937984496124031
90,90,2,False,71,7,Benign,-4.204310485290681,1,96,0,True,False,45267,0,1,30,43920,11823,pl,4916,0,3.714793199695509,0.9702432235403274,0.2611836437139638
91,91,0,False,0,0,Benign,-3.991173461043484,0,44,0,True,False,0,0,0,0,0,0,top,0,0,0.0,0.0,0.0
92,92,2,False,76,6,Benign,-4.143428089623748,3,101,0,True,False,287311,191,148,175,268352,11333,shtml?page=,8826,217,23.67881408276714,0.9340122724156054,0.0394450612750643
93,93,5,False,66,7,Benign,-4.9044739523314185,35,176,0,True,False,3051,0,3,17,2088,827,com,3301,716,2.524788391777509,0.6843657817109144,0.27105866928875777
94,94,2,False,76,5,Benign,-4.520498315916673,8,100,0,True,False,113329,27,79,212,53460,28901,com,8611,153,1.849762983979793,0.47172391885572096,0.2550185742396033
95,95,2,False,76,6,Benign,-4.486931746806317,12,86,0,True,False,25855,10,9,112,18782,7673,com,4306,301,2.447803988009905,0.7264358924772771,0.29677045058982787
96,96,0,False,76,9,Benign,-3.546439344671015,0,20,0,True,False,0,0,0,0,0,0,press,109,257,0.0,0.0,0.0
97,97,0,False,76,6,Benign,-4.595802960626866,5,85,0,True,False,0,0,0,0,0,0,com,6403,171,0.0,0.0,0.0
98,98,0,False,76,12,Malicious,-4.334679141051594,4,26,0,False,True,0,0,0,0,0,0,net,84,281,0.0,0.0,0.0
99,99,13,False,76,9,Benign,-3.9056390622295662,0,32,0,True,False,183,1,0,0,0,34,com,277,88,0.0,0.0,0.18579234972677597
100,100,19,False,66,7,Benign,-3.799995481532839,44,143,0,True,False,4821,33,36,59,3257,1389,net,2595,326,2.3448524118070555,0.6755859780128604,0.2881144990665837
101,101,1,False,76,5,Benign,-4.964036578350647,32,187,0,True,False,3240,0,0,0,3240,1123,rarbg,3286,366,2.8851291184327694,1.0,0.34660493827160493
102,102,0,False,71,15,Malicious,-4.754377842334021,4,38,0,False,True,0,0,0,0,0,0,net,84,281,0.0,0.0,0.0
103,103,0,False,76,6,Benign,-4.601393406737623,16,108,0,True,False,0,0,0,0,0,0,com,6227,347,0.0,0.0,0.0
104,104,2,False,71,7,Benign,-4.478316216292538,15,92,0,True,False,164831,18,26,131,58999,38243,uk,8670,2972,1.5427398478152865,0.35793631052411257,0.2320133955384606
105,105,1,False,76,5,Benign,-4.325187406424176,0,84,0,False,True,7987,19,1,101,728,1396,uk,8670,0,0.5214899713467048,0.09114811568799298,0.17478402403906348
106,106,2,False,71,7,Benign,-4.625523410388546,15,125,0,True,False,155671,16,21,118,50734,35561,uk,8670,2972,1.4266752903461657,0.32590527458550406,0.2284368957609317
107,107,2,False,0,0,Benign,-4.073652712203047,22,119,0,True,False,7055,48,29,149,3819,1932,jp,0,0,1.9767080745341614,0.5413182140326009,0.2738483345145287
108,108,0,False,76,15,Malicious,-4.333791798495228,0,41,0,False,True,0,0,0,0,0,0,in,173,192,0.0,0.0,0.0
109,109,2,False,71,8,Benign,-4.4362258238798535,20,87,0,True,False,14714,0,2,10,3353,3425,com,2645,276,0.978978102189781,0.22787821122740248,0.23277151012641023
110,110,2,False,71,7,Benign,-4.515184967461677,8,110,0,True,False,21580,13,28,117,15125,5571,com,5522,321,2.7149524322383773,0.7008804448563485,0.2581556997219648
111,111,2,False,76,13,Malicious,-4.629003731107052,4,35,0,False,True,1553,0,0,3,0,329,gle,0,0,0.0,0.0,0.21184803605924019
112,112,19,False,76,6,Benign,-4.050187923201006,37,131,0,True,False,2643,2,3,17,2396,840,net,2595,326,2.8523809523809525,0.9065455921301552,0.3178206583427923
113,113,2,False,0,0,Benign,-4.100671998907624,54,156,0,True,False,853,0,0,0,853,285,com,7900,499,2.992982456140351,1.0,0.33411488862837047
114,114,37,False,76,5,Benign,-4.454985572827725,5,150,0,True,False,0,0,0,0,0,0,com,6612,1423,0.0,0.0,0.0
115,115,2,False,71,7,Benign,-4.378926093314718,8,86,0,True,False,10303,1,2,3,117,2561,com,5434,409,0.04568527918781726,0.01135591575269339,0.24856837814228866
116,116,9,False,76,5,Benign,-4.272400477248444,0,88,0,True,False,215809,9,5,47,213416,60876,com,3675,342,3.5057493922071097,0.9889114911797006,0.28208276763248985
117,117,2,False,76,7,Benign,-5.2205841612068635,10,101,0,False,True,82854,0,1,4,43175,23201,com,8260,3061,1.8609111676220853,0.5210973519685229,0.28002269051584716
118,118,2,False,76,6,Benign,-4.494696002241104,2,104,8,True,False,34,1,0,0,0,6,php?board=novel&bm=view&no=4&category=&auth=&page=1&search=&keyword=&recom=,994,101,0.0,0.0,0.17647058823529413
119,119,3,False,76,7,Benign,-4.172877655355799,55,196,0,True,False,6759,19,17,263,3923,1796,com,2909,377,2.1842984409799553,0.5804113034472556,0.26571978103269717
120,120,1,False,76,6,Benign,-5.053463516222728,38,164,0,True,False,3240,0,0,0,3240,1123,anoxmous,3286,366,2.8851291184327694,1.0,0.34660493827160493
121,121,3,False,72,16,Malicious,-4.2395245791100225,3,49,0,False,True,11900,5,5,4,1389,3578,php,1447,743,0.388205701509223,0.11672268907563026,0.30067226890756305
122,122,2,False,76,5,Benign,-4.853638797731928,4,139,1,True,False,4559,14,28,48,2964,1331,do?channelId=BBSME-PaymentSolutions&chCatId=,0,0,2.2268970698722765,0.6501425751261242,0.2919499890326826
123,123,1,False,76,6,Benign,-4.9283528884131655,34,172,0,True,False,3240,0,0,0,3240,1123,rartv,3286,366,2.8851291184327694,1.0,0.34660493827160493
124,124,2,False,71,7,Benign,-4.111362525698544,0,85,0,True,False,5570,5,19,135,841,1011,br,0,0,0.8318496538081108,0.15098743267504489,0.181508078994614
125,125,2,False,76,5,Benign,-4.691128366372733,7,83,0,True,False,25584,24,95,255,11156,10580,aspx?qry=tiffins_snacks020315-3,8484,647,1.0544423440453685,0.4360537836147592,0.41353971232020015
126,126,2,False,76,5,Benign,-4.463422379454396,8,91,0,False,True,95241,25,4,50,78728,25142,com,8006,393,3.1313340227507758,0.8266187881269621,0.26398294852007015
127,127,1,False,76,7,Benign,-4.811940413188582,24,136,3,True,False,0,1,0,0,0,0,php?bo_table=torrent_ani&wr_id=28026&k=%EC%86%8C%EB%93%9C%EC%95%84%ED%8A%B8%EC%98%A8%EB%9D%BC%EC%9D%B8&page=1,1861,330,0.0,0.0,0.0
128,128,2,False,71,7,Benign,-4.9363659164044815,14,208,2,True,False,23749,2,30,142,19121,7372,com,4925,3126,2.593733043950081,0.805128636995242,0.31041307002400104
129,129,9,False,66,7,Benign,-4.411274641793623,5,170,0,True,False,889,9,0,2,0,176,html?href=inner_website,1903,288,0.0,0.0,0.19797525309336333
130,130,2,False,71,7,Benign,-4.46091126881807,7,107,0,True,False,217799,24,13,104,39584,48224,com,5710,133,0.820836098208361,0.18174555438730206,0.22141515801266304
131,131,3,False,77,16,Malicious,-4.369707376737534,2,33,0,False,True,11913,1,0,1,11708,3550,com,7708,692,3.2980281690140845,0.9827919079996642,0.29799378829849743
132,132,2,False,71,7,Benign,-4.52207688896347,8,91,0,True,False,2034,1,0,1,816,580,com,5714,129,1.4068965517241379,0.40117994100294985,0.28515240904621436
133,133,0,False,76,12,Malicious,-4.211260736432281,3,29,0,False,True,0,0,0,0,0,0,com,86,279,0.0,0.0,0.0
134,134,2,False,71,8,Benign,-4.093139062229566,0,32,0,False,True,2758,1,1,2,0,733,com,5143,335,0.0,0.0,0.26577229876722264
135,135,2,True,66,7,Benign,-4.7906685807168845,20,155,2,True,False,3141,0,0,0,3141,942,do?_method=itemAreaList&area1=%EC%9D%B8%EC%B2%9C%EA%B4%91%EC%97%AD%EC%8B%9C&area2=%EB%B6%80%ED%8F%89%EA%B5%AC,8842,655,3.3343949044585988,1.0,0.29990448901623684
136,136,0,False,76,15,Malicious,-4.18151041961245,0,58,0,False,True,0,0,0,0,0,0,com,4131,616,0.0,0.0,0.0
137,137,2,False,71,7,Benign,-5.163556788925777,10,98,0,True,False,39804,21,4,86,35516,11292,l7,5796,0,3.145235565001771,0.8922721334539242,0.2836900813988544
138,138,2,False,76,5,Benign,-4.514545004480722,0,62,0,False,True,33642,5,7,13,28897,10490,com,7477,193,2.7547187797902764,0.8589560668212354,0.3118126151834017
139,139,2,False,76,7,Benign,-5.5638580403146065,16,174,1,False,True,1553,0,0,3,0,329,com,8260,3061,0.0,0.0,0.21184803605924019
140,140,0,False,77,14,Malicious,-4.5755510772727686,33,68,0,False,True,0,0,0,0,0,0,com,88,277,0.0,0.0,0.0
141,141,2,False,76,11,Malicious,-4.427023643888801,0,68,0,False,True,0,0,0,0,0,0,com,7126,178,0.0,0.0,0.0
142,142,2,False,71,7,Benign,-4.461814506559713,8,92,0,True,False,10303,1,2,3,117,2561,com,5434,409,0.04568527918781726,0.01135591575269339,0.24856837814228866
143,143,2,False,71,9,Benign,-4.251560341026156,0,55,0,False,True,2758,1,1,2,0,733,com,5143,335,0.0,0.0,0.26577229876722264
144,144,0,False,71,20,Malicious,-4.101409765557392,1,32,0,False,True,0,0,0,0,0,0,icu,0,0,0.0,0.0,0.0
145,145,3,False,0,0,Benign,-4.405319794905356,7,72,0,True,False,11900,5,5,4,1389,3578,php,1447,743,0.388205701509223,0.11672268907563026,0.30067226890756305
146,146,2,False,76,6,Benign,-4.924096880183001,28,123,4,True,False,0,0,0,0,0,0,jsp?l_code=2113200000&Area=tooth&FTOOTH=21&mdiv=1000900000-bt_5_023_08&ctype=B,0,0,0.0,0.0,0.0
147,147,18,False,71,17,Malicious,-4.134601258822527,0,74,0,False,True,9261,10,9,89,2715,2342,com,1493,332,1.159265584970111,0.2931648850016197,0.2528884569700896
148,148,1,False,76,6,Benign,-4.6215908059944,8,119,0,True,False,26669,17,9,313,12937,6457,com,5966,280,2.0035620257085336,0.485095054182759,0.24211631482245302
149,149,18,False,77,23,Malicious,-5.057865473602006,48,247,2,True,False,1710,0,0,5,1032,590,php?cmd=_update-information&account_update=acf732e34881a0267bffa49dc42cb984&lim_session=86669daac1884dfd9c7e776a3360aa694cd7c52a,2117,74,1.7491525423728813,0.6035087719298246,0.34502923976608185
150,150,0,False,77,17,Malicious,-3.976409765557391,0,32,0,False,True,0,0,0,0,0,0,icu,0,0,0.0,0.0,0.0
151,151,19,False,76,8,Benign,-4.040582138827601,27,100,0,True,False,4621,18,26,74,2657,1315,net,2595,326,2.020532319391635,0.5749837697468081,0.28457043929885306
152,152,0,False,76,7,Benign,-4.25111625374796,57,177,0,True,False,69282,28,55,153,15241,15507,net,8641,1584,0.9828464564390276,0.21998498888600213,0.22382436996622498
153,153,3,False,72,12,Malicious,-4.440189012169191,0,54,0,False,True,0,0,0,0,0,0,php,285,80,0.0,0.0,0.0
154,154,2,False,71,7,Benign,-3.932874360347044,0,35,0,False,True,68453,0,3,37,42913,16865,com,9266,229,2.544500444707975,0.6268972871897507,0.24637342410120813
155,155,2,False,71,12,Malicious,-4.254195650150781,0,29,0,True,False,2758,1,1,2,0,733,com,5143,335,0.0,0.0,0.26577229876722264
156,156,2,False,63,6,Benign,-4.60969523036947,4,108,0,True,False,128867,0,6,24,128520,36150,com,8144,255,3.555186721991701,0.9973073013261735,0.2805217782675161
157,157,2,False,76,6,Benign,-4.304710226052486,0,93,0,True,False,71699,33,30,200,63482,20694,com,9554,2865,3.06765245965014,0.8853958911560831,0.28862327229110585
158,158,2,False,76,5,Benign,-4.492327619119531,6,109,0,True,False,14330,1,4,25,11314,3749,com,9706,1980,3.0178714323819684,0.7895324494068388,0.2616189811584089
159,159,6,False,76,10,Malicious,-4.127569435189147,0,42,0,False,True,0,0,0,0,0,0,com,1097,363,0.0,0.0,0.0
160,160,0,False,76,11,Malicious,-4.748640092203144,14,106,0,False,True,0,0,0,0,0,0,com,111,254,0.0,0.0,0.0
161,161,9,False,76,5,Benign,-4.31228705848791,38,124,0,True,False,1312,2,2,18,1154,421,to,0,0,2.7410926365795723,0.8795731707317073,0.3208841463414634
162,162,4,False,76,6,Benign,-4.2534513165555685,0,84,0,True,False,86354,5,201,515,64182,26219,ru,4304,78,2.4479194477287463,0.7432429302637978,0.30362229890914144
163,163,2,False,76,5,Benign,-4.713685197298448,37,87,0,True,False,10305,234,38,290,2874,2021,com,3079,1669,1.4220682830282039,0.27889374090247454,0.19611838913148957
164,164,0,False,0,0,Benign,-5.209855627103327,28,165,0,False,True,0,0,0,0,0,0,com?h=tns-PANezLU0SrOBxqiB1g1NS76oQevFoC2g81mpoy4,97,268,0.0,0.0,0.0
165,165,3,False,72,11,Malicious,-4.027169118440616,4,22,0,False,True,392,1,0,0,0,66,ly,0,0,0.0,0.0,0.1683673469387755
166,166,7,False,76,5,Benign,-4.642923736865787,8,109,0,True,False,0,0,0,0,0,0,com,2253,1398,0.0,0.0,0.0
167,167,0,False,76,5,Benign,-4.241653428393324,0,91,0,True,False,0,0,0,0,0,0,com,5789,54,0.0,0.0,0.0
168,168,10,False,71,17,Malicious,-4.9832730086224934,17,160,0,True,False,0,0,0,0,0,0,html,94,271,0.0,0.0,0.0
169,169,0,False,76,13,Malicious,-4.660058196536774,4,42,0,False,True,0,0,0,0,0,0,net,0,0,0.0,0.0,0.0
170,170,10,False,76,6,Benign,-4.426572269745823,6,83,0,True,False,50576,7,4,538,8579,11933,ua,0,0,0.7189306963881673,0.16962590952230308,0.23594194875039545
171,171,2,False,76,5,Benign,-4.230101559263458,4,93,0,True,False,15239,2,1,4,7945,3853,html,3467,550,2.0620295873345444,0.5213596692696371,0.25283811273705625
172,172,1,False,71,14,Malicious,-4.178681376823498,1,84,0,True,False,0,0,0,0,0,0,com,0,0,0.0,0.0,0.0
173,173,13,False,76,16,Malicious,-4.60594694789981,2,105,0,True,False,164,1,0,0,0,28,php,0,0,0.0,0.0,0.17073170731707318
174,174,2,False,76,6,Benign,-4.5213971978363725,20,87,0,True,False,14714,0,2,10,3353,3425,com,2645,276,0.978978102189781,0.22787821122740248,0.23277151012641023
175,175,2,False,76,6,Benign,-4.426679297340732,8,86,0,True,False,221219,22,49,98,40961,48984,com,5709,134,0.8362118242691491,0.18516040665584782,0.22142763505847146
176,176,2,False,76,7,Benign,-5.407664375996612,10,111,0,False,True,1553,0,0,3,0,329,com,8260,3061,0.0,0.0,0.21184803605924019
177,177,3,False,76,9,Benign,-4.053065578877498,0,41,0,False,True,11929,1,0,1,11724,3550,com,7708,692,3.302535211267606,0.9828149886830413,0.2975940984156258
178,178,5,False,76,5,Benign,-3.9628520895163923,0,85,0,True,False,89236,9,13,56,9585,19497,com,3521,1226,0.49161409447607324,0.10741180689407863,0.2184880541485499
179,179,1,False,76,6,Benign,-4.7804043848572775,5,83,1,True,False,18699,13,14,161,14569,4770,br,0,0,3.0542976939203355,0.779132573934435,0.25509385528637896
180,180,2,False,72,21,Malicious,-4.6912715590706195,4,69,0,True,False,426,0,0,0,415,37,com,418,312,11.216216216216216,0.9741784037558685,0.08685446009389672
181,181,2,False,76,6,Benign,-4.481120281429415,6,97,0,True,False,17090,2,24,124,11837,5014,com,4925,3126,2.3607897885919424,0.6926272674078409,0.2933879461673493
182,182,0,False,71,14,Malicious,-3.753432822006452,0,36,0,True,False,0,0,0,0,0,0,us,84,281,0.0,0.0,0.0
183,183,2,False,76,5,Benign,-4.625042130826605,19,102,0,True,False,14624,0,15,251,9505,4060,com,6551,1118,2.3411330049261085,0.6499589715536105,0.2776258205689278
184,184,2,False,71,7,Benign,-4.947748945330327,5,92,1,True,False,3352,7,0,57,2487,886,html?top=3&period=,8020,379,2.8069977426636568,0.741945107398568,0.26431980906921243
185,185,2,False,71,7,Benign,-4.942704074265132,1,130,1,True,False,3352,7,0,57,2487,886,html?top=3&period=daily,8020,379,2.8069977426636568,0.741945107398568,0.26431980906921243
186,186,9,False,0,0,Benign,-3.9980509371469135,6,33,0,False,True,298,0,0,0,149,72,com,2009,182,2.0694444444444446,0.5,0.24161073825503357
187,187,3,False,76,10,Malicious,-4.946654888779778,49,168,0,True,False,11900,5,5,4,1389,3578,html,1447,743,0.388205701509223,0.11672268907563026,0.30067226890756305
188,188,2,False,76,5,Benign,-5.113068888506393,14,104,0,True,False,66713,79,22,215,53255,17962,G7,5795,0,2.9648702817058235,0.7982702022094644,0.26924287620104026
189,189,1,False,71,7,Benign,-4.4503205775365045,16,102,0,True,False,7294,32,45,275,3134,1885,jp,0,0,1.662599469496021,0.4296682204551686,0.25843158760625173
190,190,1,False,71,8,Benign,-4.708969625157139,13,95,0,True,False,0,1,0,0,0,0,html,198,167,0.0,0.0,0.0
191,191,0,False,76,14,Malicious,-3.908119107310527,0,47,0,False,True,0,0,0,0,0,0,com,84,281,0.0,0.0,0.0
192,192,0,False,0,0,Benign,-4.648476699401247,55,126,0,False,True,0,0,0,0,0,0,com,89,276,0.0,0.0,0.0
193,193,0,False,76,14,Malicious,-4.196137213706948,1,60,0,False,True,0,0,0,0,0,0,com,0,0,0.0,0.0,0.0
194,194,1,False,76,6,Benign,-4.937084520093618,12,87,3,True,False,0,1,0,0,0,0,php?bo_table=torrent_movie&wr_id=145209&k=19%EA%B8%88&page=1,1861,330,0.0,0.0,0.0
195,195,2,False,76,7,Benign,-4.178833068298884,0,55,0,True,False,92,1,0,0,0,18,aspx,8109,290,0.0,0.0,0.1956521739130435
196,196,2,False,76,6,Benign,-4.138709251617065,19,92,0,True,False,88885,55,45,314,76119,26019,ua,0,0,2.925515969099504,0.8563762164594702,0.29272655678685944
197,197,2,False,76,6,Benign,-4.4396013446287075,6,85,0,True,False,325919,12,12,22,306395,84183,com,5465,13,3.6396303291638454,0.940095545212154,0.2582942387525735
198,198,11,False,76,14,Malicious,-4.35333654900275,0,84,0,False,True,164,1,0,0,0,28,com,2097,94,0.0,0.0,0.17073170731707318
199,199,13,False,70,8,Benign,-3.6225797618424913,0,30,0,False,True,186,1,0,0,0,31,php,5359,484,0.0,0.0,0.16666666666666666
200,200,10,False,76,13,Malicious,-4.455198328694545,0,110,0,False,True,0,0,0,0,0,0,htm,5079,34,0.0,0.0,0.0
201,201,2,False,76,6,Benign,-4.777971177325012,23,93,0,False,True,0,0,0,0,0,0,html?37410712796374757197976,5570,273,0.0,0.0,0.0
202,202,2,False,71,7,Benign,-4.440384072249503,7,94,0,True,False,26872,18,7,147,23226,5808,com,6242,332,3.99896694214876,0.864319738017267,0.2161357546888955
203,203,11,False,76,9,Benign,-4.224117662343592,2,46,0,False,True,164,1,0,0,0,28,com,6522,52,0.0,0.0,0.17073170731707318
204,204,2,False,66,7,Benign,-4.6857101950903495,19,93,0,True,False,156430,16,22,126,50724,36026,uk,8670,2972,1.407983123299839,0.3242600524196126,0.2303010931407019
205,205,2,False,71,7,Benign,-3.496158675672893,32,130,0,True,False,0,0,0,0,0,0,ru,4041,341,0.0,0.0,0.0
206,206,9,False,71,7,Benign,-4.100174040608456,0,147,0,True,False,218111,9,4,45,216347,57393,com,3675,342,3.7695712020629695,0.9919123748916836,0.2631366597741517
207,207,2,False,76,10,Malicious,-5.878439210044327,65,396,0,True,False,64,1,0,0,0,11,net,4025,357,0.0,0.0,0.171875
208,208,2,False,76,6,Benign,-4.858871992442327,19,104,1,False,True,21016,0,1,0,20971,7293,com,5756,87,2.87549705196764,0.997858774267225,0.3470213170917396
209,209,0,False,72,19,Malicious,-4.283958905656312,2,75,0,False,True,0,0,0,0,0,0,html,0,0,0.0,0.0,0.0
210,210,2,False,76,8,Benign,-4.571860873964195,3,35,0,False,True,82882,0,1,4,43203,23202,gle,0,0,1.8620377553659166,0.5212591394995294,0.2799401558842692
211,211,2,False,76,10,Malicious,-3.537546408422564,0,31,0,False,True,2758,1,1,2,0,733,com,5143,335,0.0,0.0,0.26577229876722264
212,212,1,False,71,7,Benign,-4.213326384940458,6,86,0,True,False,23401,17,9,277,13825,5867,com,3558,280,2.3564002045338333,0.5907867185163027,0.25071578137686423
213,213,2,False,0,0,Benign,-5.92665153096945,78,468,0,False,True,7476,1,0,0,7362,2106,net,4025,357,3.4957264957264957,0.9847512038523274,0.28170144462279295
214,214,2,False,76,8,Benign,-5.879544440553371,85,472,0,False,True,7476,1,0,0,7362,2106,net,4025,357,3.4957264957264957,0.9847512038523274,0.28170144462279295
215,215,7,False,72,11,Malicious,-4.0360757307326445,0,79,0,False,True,5553,2,4,19,4891,1718,com,1448,377,2.846915017462165,0.8807851611741401,0.309382315865298
216,216,2,False,72,21,Malicious,-4.609600210588607,3,70,0,True,False,92,1,0,0,0,18,com,418,312,0.0,0.0,0.1956521739130435
217,217,5,False,71,7,Benign,-4.37282173119345,6,118,0,True,False,961,2,0,0,0,200,html,0,0,0.0,0.0,0.2081165452653486
218,218,1,False,71,7,Benign,-4.331253239011113,8,86,0,True,False,26073,18,10,282,13399,6341,com,8944,280,2.113073647689639,0.5139032715836306,0.24320177961876271
219,219,0,False,76,15,Malicious,-4.311184718247834,2,68,0,False,True,0,0,0,0,0,0,php,95,270,0.0,0.0,0.0
220,220,2,False,76,6,Benign,-4.495132928629338,3,105,8,True,False,34,1,0,0,0,6,php?board=scary&bm=view&no=90&category=&auth=&page=1&search=&keyword=&recom=,994,101,0.0,0.0,0.17647058823529413
221,221,5,False,76,7,Benign,-3.8713513384849785,0,37,0,True,False,20896,1,1,0,20783,6988,com,3182,105,2.9740984544934173,0.9945922664624809,0.33441807044410415
222,222,2,False,76,6,Benign,-4.6593465007702015,15,117,0,True,False,147307,16,21,121,42332,32803,uk,8670,2972,1.2904917233179891,0.28737262994969687,0.22268459747330405
223,223,2,False,76,6,Benign,-4.498705606445141,19,87,0,True,False,14714,0,2,10,3353,3425,com,2645,276,0.978978102189781,0.22787821122740248,0.23277151012641023
224,224,2,False,0,0,Benign,-5.930570302417362,69,390,0,False,True,64,1,0,0,0,11,net,4025,357,0.0,0.0,0.171875
225,225,2,False,71,7,Benign,-4.570665565647606,8,122,0,True,False,38993,1,0,159,2793,8712,de,0,0,0.3205922865013774,0.07162824096632729,0.22342471725694354
226,226,5,False,76,6,Benign,-4.418581000831467,8,89,0,True,False,40473,6,64,502,21405,10876,net,4535,578,1.9680948878264068,0.5288710992513528,0.2687223581152867
227,227,0,False,72,17,Malicious,-4.264578373902381,0,35,0,True,False,0,0,0,0,0,0,xyz,94,271,0.0,0.0,0.0
228,228,1,False,71,7,Benign,-4.249144006585296,0,86,0,False,True,133588,12,12,65,97241,33207,com,6152,3344,2.9283283645014606,0.7279171781896577,0.2485777165613678
229,229,2,True,76,5,Benign,-4.723472097339758,28,180,3,True,False,3141,0,0,0,3141,942,do?_method=itemAreaList&area1=%EC%9D%B8%EC%B2%9C%EA%B4%91%EC%97%AD%EC%8B%9C&area2=%EC%84%9C%EA%B5%AC&area3=%EA%B2%80%EC%95%94%EB%8F%99,8842,655,3.3343949044585988,1.0,0.29990448901623684
230,230,2,False,72,21,Malicious,-4.596422660571426,5,70,0,True,False,92,1,0,0,0,18,com,418,312,0.0,0.0,0.1956521739130435
231,231,1,False,71,7,Benign,-4.579549999885463,6,92,0,True,False,16833,3,204,243,7611,4209,com,5638,570,1.8082679971489666,0.45214756727856,0.25004455533772946
232,232,3,False,76,6,Benign,-4.593426322800836,21,84,0,True,False,6715,19,17,262,3923,1799,com,2909,377,2.1806559199555307,0.5842144452717796,0.26790766939687266
233,233,2,False,0,0,Benign,-5.9078219660407285,79,468,0,False,True,0,0,0,0,0,0,net,4025,357,0.0,0.0,0.0
234,234,2,False,76,18,Malicious,-4.050931304471527,0,52,0,False,True,0,0,0,0,0,0,no,0,0,0.0,0.0,0.0
235,235,1,False,76,5,Benign,-5.014671143703734,41,164,0,True,False,3240,0,0,0,3240,1123,m2tv,3286,366,2.8851291184327694,1.0,0.34660493827160493
236,236,0,False,76,15,Malicious,-4.177566232096527,0,42,0,False,True,0,0,0,0,0,0,verification,0,0,0.0,0.0,0.0
237,237,19,False,76,6,Benign,-3.5889386579862816,78,236,0,True,False,4584,18,26,74,2657,1309,net,2595,326,2.0297937356760887,0.5796247818499127,0.2855584642233857
238,238,7,False,77,17,Malicious,-4.106198332810094,0,40,0,False,True,49,1,0,0,0,12,php,290,805,0.0,0.0,0.24489795918367346
239,239,2,False,71,7,Benign,-4.470082330632806,8,87,0,True,False,38993,1,0,159,2793,8712,de,0,0,0.3205922865013774,0.07162824096632729,0.22342471725694354
240,240,2,False,72,8,Benign,-5.388369696266193,10,111,0,False,True,1553,0,0,3,0,329,com,8260,3061,0.0,0.0,0.21184803605924019
241,241,2,False,71,10,Malicious,-4.031401845392171,0,30,0,False,True,8085,0,0,0,7633,2696,co,1370,90,2.831231454005935,0.9440940012368584,0.3334570191713049
242,242,2,False,76,5,Benign,-4.676585820981421,6,110,0,True,False,17678,19,4,79,14695,4077,html,5795,0,3.604365955359333,0.8312591922163141,0.23062563638420636
243,243,2,False,72,21,Malicious,-4.606377889314571,3,70,0,True,False,425,0,0,0,414,36,com,418,312,11.5,0.9741176470588235,0.08470588235294117
244,244,2,False,76,6,Benign,-4.584246979725574,10,87,0,True,False,41226,26,36,207,25316,11201,com,5721,852,2.2601553432729222,0.6140784941541746,0.27169747246883036
245,245,14,False,76,6,Benign,-3.597233176541616,28,226,0,True,False,21881,2,7,151,14727,5824,gr,0,0,2.5286744505494507,0.6730496778026599,0.2661669941958777
246,246,2,False,71,7,Benign,-4.532489886087345,20,110,0,True,False,87196,55,43,302,75951,25684,ua,0,0,2.9571328453511914,0.8710376622780861,0.2945547960915638
247,247,9,False,76,5,Benign,-4.572870886988503,7,103,0,True,False,889,9,0,2,0,176,html?href=inner_website,1903,288,0.0,0.0,0.19797525309336333
248,248,12,False,76,15,Malicious,-5.9477620107663345,73,468,1,True,False,22725,38,47,81,7281,5928,html?cep=I4xlt6qyfvKAouj17bl0GgrDUdtkOlavB3mf1_D0fXNuGtw_DmNFBjl3UAInjcz-f7_r_VPLfq3DPoFT6MLzGCOKX2mziiNkbXX6tbAnCdeRsX4ABpF5VnqWmC7CyiqY7voDjgBJkgutijObjvCBFBdYHXz7jAd1Ge22nskeQfe4KStJbwdgMb0eDM4ZFD8rTkZ39FSmbFtmTb-1_x6P1_MkAn3TD6CmKek9ERbZrbDxd8FQlhZEipO2vYfAO-y1VWX6E4Dkh8KJI6K4NzGAhhKlKxRmmYnHALWyRjyyfPMoO9mw-XW90kZ60gFTnO-egF2YDuMH8T6kwR4azhAOcIMtV-nsdOdym70NCJti2g0&lptoken=15de79d151f677f90875,649,81,1.2282388663967612,0.3203960396039604,0.26085808580858083
249,249,2,False,0,0,Benign,-5.583808119043436,13,188,1,False,True,1553,0,0,3,0,329,com,8260,3061,0.0,0.0,0.21184803605924019
250,250,17,False,76,7,Benign,-3.92550780466282,0,49,0,False,True,105640,22,43,467,26932,23535,it,550,298,1.1443382196728278,0.2549413101098069,0.22278492995077623
251,251,2,False,76,6,Benign,-4.652486423289911,15,120,0,True,False,87437,3,3,130,83705,26377,com,8144,255,3.1734086514766653,0.9573178402735684,0.3016686299850178
252,252,1,False,71,7,Benign,-4.508217841336047,6,94,0,True,False,13658,3,61,143,7599,3543,com,5638,570,2.144792548687553,0.5563772148191536,0.2594084053302094
253,253,0,False,71,12,Malicious,-3.7834651896016473,5,25,0,True,False,0,0,0,0,0,0,net,84,281,0.0,0.0,0.0
254,254,0,False,72,15,Malicious,-4.417131373320367,3,54,0,False,True,0,0,0,0,0,0,promo,0,0,0.0,0.0,0.0
255,255,2,False,71,10,Malicious,-4.394531545943952,7,43,0,True,False,41,1,0,0,0,6,ru,4288,94,0.0,0.0,0.14634146341463414
256,256,2,False,71,7,Benign,-4.582837489776769,5,112,0,True,False,3433,3,5,67,1887,886,com,5083,395,2.12979683972912,0.549665016020973,0.25808330905913196
257,257,2,False,71,12,Malicious,-3.896291529045927,0,28,0,False,True,0,0,0,0,0,0,ru,360,5,0.0,0.0,0.0
258,258,2,False,71,7,Benign,-4.593367010157618,5,90,0,True,False,17678,19,4,79,14695,4077,html,5795,0,3.604365955359333,0.8312591922163141,0.23062563638420636
259,259,2,False,0,0,Benign,-3.979097891134804,2,26,0,False,True,238,1,1,1,116,48,ly,0,0,2.4166666666666665,0.48739495798319327,0.20168067226890757
260,260,9,False,76,5,Benign,-4.513041446157796,8,92,0,True,False,21231,23,8,145,13274,5742,com,4285,97,2.31173807035876,0.6252178418350525,0.27045358202628234
261,261,10,False,71,8,Benign,-3.3995812306460635,0,30,0,True,False,79,1,0,0,0,17,jp,0,0,0.0,0.0,0.21518987341772153
262,262,2,False,76,5,Benign,-4.4060773211627,11,100,0,True,False,127294,1,0,20,10553,27136,com,7452,218,0.38889298349056606,0.08290257199868022,0.21317579775951734
263,263,4,False,71,8,Benign,-3.939470994001285,2,21,0,True,False,68453,0,3,37,42913,16865,ly,0,0,2.544500444707975,0.6268972871897507,0.24637342410120813
264,264,2,False,76,5,Benign,-4.472378088566368,20,87,0,True,False,0,0,0,0,0,0,com,2645,276,0.0,0.0,0.0
265,265,8,False,76,5,Benign,-4.440646643453566,8,96,0,True,False,65684,48,59,213,46999,18476,com,3438,1675,2.5437865338817924,0.7155319408075026,0.281286157968455
266,266,4,False,72,18,Malicious,-4.3975798365341765,0,83,0,False,True,56332,2,0,1,4719,14075,php,641,89,0.3352753108348135,0.08377121351984662,0.24985798480437407
267,267,2,False,76,6,Benign,-4.663403256471208,10,100,0,True,False,103661,37,21,186,50601,26580,com,8611,153,1.90372460496614,0.4881392230443465,0.2564127299562999
268,268,0,False,0,0,Benign,-5.041620028999926,5,65,0,False,True,0,0,0,0,0,0,php?pid=7rfyVw,84,281,0.0,0.0,0.0
269,269,2,False,71,7,Benign,-4.669639898140046,7,89,0,True,False,227249,21,15,140,42593,50684,com,8743,23,0.8403638229026912,0.18742876756333363,0.2230328846331557
270,270,2,False,71,7,Benign,-3.490601562950723,0,24,0,False,True,304086,89,103,292,263715,102507,com,6949,720,2.572653574877813,0.8672382155048243,0.3370987154949587
271,271,3,False,71,8,Benign,-4.629448407553168,20,102,0,True,False,25583,57,44,210,13639,7353,chn,0,0,1.8548891608867129,0.5331274674588594,0.28741742563421024
272,272,0,False,76,12,Malicious,-3.993730584231476,0,31,0,False,True,0,0,0,0,0,0,site,88,278,0.0,0.0,0.0
273,273,2,False,71,7,Benign,-3.8641864449394303,44,145,0,True,False,23287,0,3,36,794,3796,jp,0,0,0.20916754478398314,0.034096276892686905,0.16300940438871472
274,274,0,False,71,17,Malicious,-4.235731161841142,2,85,0,False,True,0,0,0,0,0,0,com,431,-67,0.0,0.0,0.0
275,275,2,False,76,8,Benign,-5.866162447438301,102,456,0,False,True,7476,1,0,0,7362,2106,net,4025,357,3.4957264957264957,0.9847512038523274,0.28170144462279295
276,276,0,False,76,11,Malicious,-5.093799638937536,6,69,0,False,True,0,0,0,0,0,0,php?pid=6WIN5X,0,0,0.0,0.0,0.0
277,277,2,False,76,6,Benign,-4.088954658543058,74,198,0,True,False,853,0,0,0,853,285,com,7900,499,2.992982456140351,1.0,0.33411488862837047
278,278,10,False,76,15,Malicious,-4.503534292829909,15,109,0,True,False,158,1,0,0,0,26,html,0,0,0.0,0.0,0.16455696202531644
279,279,12,False,76,6,Benign,-4.522928129813916,8,133,0,True,False,18416,23,10,140,13503,5069,start,4285,97,2.663839021503255,0.7332211120764552,0.27524978279756734
280,280,2,False,76,15,Malicious,-4.721749048347785,17,77,0,False,True,7628,0,1,1,7555,2570,br,0,0,2.9396887159533076,0.9904299947561616,0.33691662296801256
281,281,2,False,71,7,Benign,-4.753726357589375,13,106,0,True,False,79867,125,48,263,63637,21244,pl,5795,0,2.9955281491244587,0.7967871586512577,0.26599221205253737
282,282,2,False,77,12,Malicious,-4.32323142879762,0,30,0,False,True,2758,1,1,2,0,733,com,5143,335,0.0,0.0,0.26577229876722264
283,283,8,False,71,7,Benign,-4.8458489680797765,34,95,0,True,False,100165,2,8,54,99134,22381,com,8762,369,4.429382065144543,0.9897069834772625,0.22344132181899864
284,284,2,False,76,5,Benign,-4.205609599427451,6,101,0,True,False,28403,26,36,212,18856,8675,html,0,0,2.1736023054755043,0.6638735344857938,0.30542548322360313
285,285,2,False,76,5,Benign,-4.404129325677482,8,106,0,True,False,18166,1,10,32,15770,4631,com,9706,1980,3.4053120276398188,0.8681052515688649,0.25492678630408455
286,286,1,False,71,7,Benign,-4.969838181364046,50,166,0,True,False,3240,0,0,0,3240,1123,jpg,3286,366,2.8851291184327694,1.0,0.34660493827160493
287,287,5,False,71,15,Malicious,-4.271596707854373,0,57,0,False,True,87,1,0,0,0,17,org,7166,138,0.0,0.0,0.19540229885057472
288,288,0,False,76,9,Benign,-3.4992275417233563,0,21,0,False,True,0,0,0,0,0,0,press,109,257,0.0,0.0,0.0
289,289,0,False,71,16,Malicious,-4.006573937300011,0,39,0,False,True,0,0,0,0,0,0,com,0,0,0.0,0.0,0.0
290,290,0,False,0,0,Benign,-4.318902085446847,2,48,0,True,False,0,0,0,0,0,0,com,131,234,0.0,0.0,0.0
291,291,2,False,72,17,Malicious,-4.041428417105574,0,53,0,False,True,0,0,0,0,0,0,no,0,0,0.0,0.0,0.0
292,292,0,False,76,14,Malicious,-4.023652102412949,0,42,0,True,False,0,0,0,0,0,0,com,0,0,0.0,0.0,0.0
293,293,2,False,76,6,Benign,-4.21731177399309,45,131,0,True,False,12745,2,2,30,12180,3631,com,4167,1310,3.3544478105205178,0.9556688897606904,0.2848960376618282
294,294,2,False,76,5,Benign,-4.738644267921715,20,105,0,True,False,202085,18,9,75,35514,44826,com,6762,177,0.7922634185517333,0.1757379320582923,0.22181755202018952
295,295,2,False,71,7,Benign,-4.602105560338936,10,84,0,True,False,219086,22,11,108,36713,48642,com,8743,23,0.754759261543522,0.16757346430168973,0.22202240216170818
296,296,0,False,76,9,Benign,-4.650813486058388,50,125,0,False,True,0,0,0,0,0,0,com,96,269,0.0,0.0,0.0
297,297,2,False,76,11,Malicious,-5.924238883224041,94,544,0,False,True,64,1,0,0,0,11,net,4025,357,0.0,0.0,0.171875
298,298,0,False,66,7,Benign,-4.202038059910688,0,86,0,True,False,0,0,0,0,0,0,com,5789,54,0.0,0.0,0.0
299,299,1,False,76,5,Benign,-4.993421681152488,33,128,0,True,False,3240,0,0,0,3240,1123,ettv,3286,366,2.8851291184327694,1.0,0.34660493827160493
300,300,2,False,0,0,Benign,-5.929684048829429,97,488,0,False,True,7476,1,0,0,7362,2106,net,4025,357,3.4957264957264957,0.9847512038523274,0.28170144462279295
301,301,0,False,77,12,Malicious,-4.257618962553848,0,57,0,False,True,0,0,0,0,0,0,php,0,0,0.0,0.0,0.0
302,302,2,False,71,19,Malicious,-4.043057694064253,1,34,0,True,False,92,1,0,0,0,18,com,88,277,0.0,0.0,0.1956521739130435
303,303,19,False,66,7,Benign,-3.401609516400773,133,393,0,True,False,2643,2,3,17,2396,840,net,2595,326,2.8523809523809525,0.9065455921301552,0.3178206583427923
304,304,2,False,76,9,Benign,-4.23208523264879,0,49,0,True,False,0,0,0,0,0,0,com,6593,346,0.0,0.0,0.0
305,305,0,False,0,0,Benign,-3.9101792788836383,0,31,0,False,True,0,0,0,0,0,0,com,222,143,0.0,0.0,0.0
306,306,0,False,72,16,Malicious,-4.321157232171245,4,49,0,True,False,0,0,0,0,0,0,php,2099,457,0.0,0.0,0.0
307,307,0,False,77,17,Malicious,-4.002268084440844,0,31,0,False,True,0,0,0,0,0,0,icu,0,0,0.0,0.0,0.0
308,308,2,False,76,6,Benign,-4.491854073090842,0,84,0,True,False,58132,28,21,106,38869,14553,com,5478,365,2.6708582422868137,0.6686334548957545,0.2503440445881786
309,309,1,False,76,6,Benign,-4.541698078500576,8,89,0,True,False,23064,17,5,281,12667,5682,com,5966,280,2.229320661738824,0.5492108914325355,0.2463579604578564
310,310,2,False,71,7,Benign,-4.588970171140316,7,94,0,True,False,18689,10,12,32,13147,4684,com,9706,1980,2.806789069171648,0.7034619294772326,0.25062871207662263
311,311,3,False,76,6,Benign,-4.550454412390874,17,84,0,True,False,7030,26,24,278,3923,1847,com,2909,377,2.123984840281538,0.5580369843527738,0.2627311522048364
312,312,2,False,76,5,Benign,-4.491212982685234,6,94,0,True,False,14883,6,7,125,10311,4009,com,9052,443,2.571963083063108,0.6928038701874623,0.26936773499966404
313,313,2,False,71,8,Benign,-4.5211853051465205,3,104,8,True,False,34,1,0,0,0,6,php?board=love&bm=view&no=84&category=&auth=&page=1&search=&keyword=&recom=,994,101,0.0,0.0,0.17647058823529413
314,314,8,False,76,12,Malicious,-3.925405392539033,0,37,0,False,True,1018,4,0,1,30,204,php,101,264,0.14705882352941177,0.029469548133595286,0.20039292730844793
315,315,2,False,76,5,Benign,-4.096082834912678,37,116,0,True,False,20361,3,49,222,13768,5657,in,3888,129,2.433798833303871,0.6761946859191592,0.27783507686262954
316,316,11,False,76,12,Malicious,-4.211504408568476,0,38,0,True,False,392,1,0,0,0,66,html,0,0,0.0,0.0,0.1683673469387755
317,317,2,False,71,8,Benign,-4.321790751528714,10,83,0,True,False,27814,45,32,258,19070,8598,html,0,0,2.2179576645731567,0.6856259437693248,0.3091249011289279
318,318,2,False,72,21,Malicious,-4.6787797538706215,4,68,0,True,False,423,0,0,0,412,36,com,418,312,11.444444444444445,0.9739952718676123,0.0851063829787234
319,319,0,False,66,7,Benign,-4.174620156434909,0,97,0,True,False,0,0,0,0,0,0,com,5789,54,0.0,0.0,0.0
320,320,0,False,76,14,Malicious,-3.8250705203641813,0,40,0,False,True,0,0,0,0,0,0,com,0,0,0.0,0.0,0.0
321,321,2,False,76,13,Malicious,-4.0775671571169285,0,40,0,False,True,271,3,0,3,0,51,com,4545,203,0.0,0.0,0.1881918819188192
322,322,2,False,63,6,Benign,-4.601750338087662,8,135,0,True,False,721327,21,117,140,713026,181930,com,8144,255,3.9192326719067774,0.9884920431371624,0.2522157079937393
323,323,0,False,76,9,Benign,-4.839364454101657,3,64,0,False,True,0,0,0,0,0,0,php?pid=zOhGLQ,84,281,0.0,0.0,0.0
324,324,8,False,63,6,Benign,-4.732983161049544,22,84,0,True,False,84319,8,6,66,81284,31609,to,0,0,2.571546078648486,0.9640057401060259,0.3748739904410631
325,325,3,False,0,0,Benign,-4.173909931130747,2,41,0,False,True,11929,1,0,1,11724,3550,com,7708,692,3.302535211267606,0.9828149886830413,0.2975940984156258
326,326,0,False,71,11,Malicious,-4.137537511266052,3,28,0,True,False,0,0,0,0,0,0,com,86,279,0.0,0.0,0.0
327,327,13,False,76,7,Benign,-4.884741979966562,51,115,1,False,True,0,0,0,0,0,0,113&sub3=140288265_2567082_3702,153,212,0.0,0.0,0.0
328,328,8,False,76,5,Benign,-4.5732496034582315,27,125,0,True,False,9110,46,6,110,7231,2242,html,6692,1708,3.2252453166815345,0.7937431394072448,0.24610318331503842
329,329,0,False,70,7,Benign,-4.4470626912337945,5,89,0,True,False,0,0,0,0,0,0,com,6403,171,0.0,0.0,0.0
330,330,2,False,76,14,Malicious,-4.662350870275864,16,72,0,True,False,41,1,0,0,0,6,ru,4288,94,0.0,0.0,0.14634146341463414
331,331,2,True,76,6,Benign,-4.625373434504309,27,129,4,True,False,3141,0,0,0,3141,942,do?_method=itemCateList&free1=pc&free2=007001009008&free3=item&disp_no=007001009008,8842,655,3.3343949044585988,1.0,0.29990448901623684
332,332,1,False,71,7,Benign,-4.601424579628327,15,96,5,True,False,0,0,0,0,0,0,php?name1st=%E3%81%93&all=1&all2=1&all3=1&all4=1&p=11,5091,1848,0.0,0.0,0.0
333,333,2,False,76,5,Benign,-3.427333493898264,0,21,0,False,True,7789,14,2,178,4724,2305,com,6949,720,2.049457700650759,0.6064963409937091,0.2959301579150083
334,334,0,False,76,12,Malicious,-4.009523959475164,0,36,0,True,False,0,0,0,0,0,0,com,1019,76,0.0,0.0,0.0
335,335,0,False,72,15,Malicious,-4.417131373320367,3,54,0,False,True,0,0,0,0,0,0,promo,0,0,0.0,0.0,0.0
336,336,2,False,76,6,Benign,-4.383106646874459,6,94,0,True,False,16714,1,4,31,13716,4326,com,9706,1980,3.1705963938973647,0.8206294124685892,0.2588249371784133
337,337,2,False,77,13,Malicious,-4.1506265544872525,0,41,0,False,True,2758,1,1,2,0,733,com,5143,335,0.0,0.0,0.26577229876722264
338,338,19,False,66,7,Benign,-3.5666020456400584,77,256,0,True,False,6202,35,34,60,3294,1677,net,2595,326,1.964221824686941,0.5311189938729443,0.27039664624314735
339,339,2,False,71,8,Benign,-4.425285817381521,8,83,0,True,False,117731,0,0,81,61761,32933,com,9461,399,1.8753529894027268,0.5245942020368467,0.27973091199429206
340,340,2,False,72,21,Malicious,-4.543847684755674,3,67,0,True,False,422,0,0,0,411,36,com,418,312,11.416666666666666,0.9739336492890995,0.08530805687203792
341,341,2,False,76,6,Benign,-4.48943490989239,21,87,0,True,False,14714,0,2,10,3353,3425,com,2645,276,0.978978102189781,0.22787821122740248,0.23277151012641023
342,342,5,False,77,22,Malicious,-4.8391757467743854,3,101,1,True,False,1622,0,0,5,942,499,x=en_US,3200,87,1.8877755511022045,0.5807644882860666,0.3076448828606658
343,343,9,False,71,7,Benign,-4.580623901423085,8,114,0,True,False,18157,23,7,138,13354,5101,js,4285,97,2.617918055283278,0.7354739219033981,0.2809384810266013
344,344,0,False,72,19,Malicious,-4.558458413224918,22,172,0,False,True,0,0,0,0,0,0,br,0,0,0.0,0.0,0.0
345,345,0,False,76,16,Malicious,-4.180639401474027,0,46,0,False,True,0,0,0,0,0,0,new,0,0,0.0,0.0,0.0
346,346,0,False,0,0,Benign,-3.980926699477594,0,48,0,True,False,0,0,0,0,0,0,site,86,279,0.0,0.0,0.0
347,347,2,False,76,5,Benign,-4.168544990202059,50,156,0,True,False,853,0,0,0,853,285,com,7900,499,2.992982456140351,1.0,0.33411488862837047
348,348,0,False,72,14,Malicious,-4.116729296672173,0,32,0,True,False,0,0,0,0,0,0,com,1527,299,0.0,0.0,0.0
349,349,2,False,0,0,Benign,-4.431558429909845,7,51,0,False,True,57896,4,1,51,13882,13822,com,6520,54,1.004340905802344,0.23977476855050436,0.23873842752521762
350,350,2,False,76,5,Benign,-4.346784772419556,7,105,0,True,False,207815,20,10,86,35717,46045,com,5709,134,0.7756976870452817,0.17186921059596275,0.221567259341241
351,351,13,False,76,15,Malicious,-4.505212761714515,2,88,0,True,False,164,1,0,0,0,28,html,0,0,0.0,0.0,0.17073170731707318
352,352,2,False,71,7,Benign,-4.1086804516574364,19,85,0,True,False,350243,8,101,155,342357,11814,html,4096,2842,28.978923311325545,0.9774842038242021,0.03373086685529761
353,353,0,False,72,18,Malicious,-4.7216691547000025,14,103,0,False,True,0,0,0,0,0,0,com,111,254,0.0,0.0,0.0
354,354,2,False,76,6,Benign,-5.232269492759676,15,89,1,False,True,8568,0,1,19,6504,2361,com,8260,3061,2.754764930114358,0.7591036414565826,0.2755602240896359
355,355,2,False,71,10,Malicious,-3.940351042928689,0,36,0,True,False,0,0,0,0,0,0,html,8522,535,0.0,0.0,0.0
356,356,0,False,72,16,Malicious,-4.2985766108891035,0,75,0,False,True,14678,7,2,29,2903,3771,php,2287,269,0.769822328294882,0.197778988963074,0.25691511105055187
357,357,1,True,76,5,Benign,-4.6184247212545255,19,84,0,True,False,21138,3,37,219,13768,5782,in,3888,129,2.381182981667243,0.6513388210805185,0.2735358122811997
358,358,16,False,76,13,Malicious,-4.273983661620527,0,53,0,False,True,247,1,2,0,0,44,html,0,0,0.0,0.0,0.17813765182186234
359,359,2,False,76,6,Benign,-4.603120056558072,10,84,0,True,False,218690,21,11,93,39115,48653,com,6762,177,0.8039586459211149,0.17886048744798574,0.2224747359275687
360,360,19,False,71,8,Benign,-3.8041917351933567,55,163,0,True,False,6846,33,34,60,3293,1836,net,2595,326,1.7935729847494553,0.4810108092316681,0.26818580192813324
361,361,19,False,66,7,Benign,-3.5853876185566342,71,209,0,True,False,4568,18,26,74,2657,1299,net,2595,326,2.045419553502694,0.5816549912434326,0.284369527145359
362,362,2,False,71,7,Benign,-4.245696215883538,4,86,0,True,False,15239,2,1,4,7945,3853,html,3467,550,2.0620295873345444,0.5213596692696371,0.25283811273705625
363,363,6,False,76,5,Benign,-4.430228556905,8,94,0,True,False,0,0,0,0,0,0,com,2253,1398,0.0,0.0,0.0
364,364,7,False,71,7,Benign,-4.46152473119982,8,89,0,True,False,0,0,0,0,0,0,com,2253,1398,0.0,0.0,0.0
365,365,9,False,71,7,Benign,-4.183827229060984,0,91,0,True,False,218959,9,4,44,215137,56935,com,3675,342,3.778642311407746,0.9825446773140177,0.26002584958827907
366,366,2,False,66,7,Benign,-4.71113860108693,10,99,1,True,False,361,4,1,7,54,56,html?rk=010034y3001gwf&add=%user_id%,7075,229,0.9642857142857143,0.14958448753462603,0.15512465373961218
367,367,3,False,76,7,Benign,-4.066428031846025,0,32,0,True,False,0,0,0,0,0,0,,0,0,0.0,0.0,0.0
368,368,15,False,0,0,Benign,-4.102516884779076,1,83,0,True,False,164,1,0,0,0,28,com,196,169,0.0,0.0,0.17073170731707318
369,369,2,False,76,6,Benign,-4.463823990230447,0,113,3,False,True,7471,1,0,71,2840,1786,com,7186,118,1.5901455767077268,0.3801365279079106,0.23905768973363672
370,370,8,False,71,7,Benign,-4.134220058108928,0,101,0,True,False,218461,9,4,45,216540,57743,com,3675,342,3.750064942936806,0.9912066684671406,0.2643172007818329
371,371,10,False,71,12,Malicious,-4.043074189428569,0,50,0,False,True,10499,7,24,67,7562,2914,php,7080,224,2.5950583390528483,0.7202590722925993,0.2775502428802743
372,372,19,False,66,7,Benign,-3.818451416447875,51,167,0,True,False,4542,18,26,74,2657,1299,net,2595,326,2.045419553502694,0.5849845882870982,0.285997357992074
373,373,2,False,71,7,Benign,-4.015136802317349,0,91,0,True,False,187,0,1,1,0,35,br,0,0,0.0,0.0,0.18716577540106952
374,374,2,False,71,7,Benign,-4.621407584484102,45,107,0,True,False,15589,1,11,94,12169,4164,net,8641,1584,2.9224303554274735,0.7806145358906922,0.2671114247225608
375,375,7,False,71,14,Malicious,-4.570803246519239,16,70,1,True,False,1018,4,0,1,30,204,php?&id=2,85,280,0.14705882352941177,0.029469548133595286,0.20039292730844793
376,376,7,False,76,6,Benign,-5.066554747582933,23,121,0,True,False,83798,7,1,54,81325,31465,to,0,0,2.584617829334181,0.9704885558127879,0.37548628845557175
377,377,2,False,71,7,Benign,-4.487100200402676,89,299,0,False,True,7339,29,3,72,3335,1890,net%2Ft%2FaKpBPTaxcF6C8SeP+%E5%A3%B2%E6%98%A5%E5%A9%A6%E3%81%AE%E3%81%8A%E4%BB%95%E4%BA%8B%E3%82%92%E5%85%AC%E9%96%8B%E3%81%97%E3%81%BE%E3%81%99+%23ero+%23douga+%23agesage,7402,268,1.7645502645502646,0.45442158332197846,0.2575282736067584
378,378,0,False,76,7,Benign,-4.078839660153826,4,91,0,True,False,0,0,0,0,0,0,html,0,0,0.0,0.0,0.0
379,379,2,False,76,9,Benign,-5.943138462729817,94,534,0,False,True,64,1,0,0,0,11,net,4025,357,0.0,0.0,0.171875
380,380,0,False,76,10,Malicious,-5.221181960299754,33,254,0,False,True,0,0,0,0,0,0,com,111,254,0.0,0.0,0.0
381,381,2,False,71,7,Benign,-4.273347751628148,0,95,0,True,False,12692,1,324,97,8166,3501,html,5886,322,2.3324764353041987,0.6433974156949259,0.27584305074062404
382,382,2,False,76,6,Benign,-4.861809859269484,28,123,4,True,False,0,0,0,0,0,0,jsp?l_code=2101100000&Area=tooth&FTOOTH=21&mdiv=1000900000-bt_5_023_01&ctype=B,0,0,0.0,0.0,0.0
383,383,1,False,77,16,Malicious,-5.491521550266532,22,145,2,True,False,0,0,0,0,0,0,php?&id=1&fbclid=IwAR2-CLjuKiMFir75IerjFI0OFtPxM30Qc0y_1z8lFz5fumL58oZ93gkTjHc,87,278,0.0,0.0,0.0
384,384,2,False,76,5,Benign,-4.407899462423416,21,87,0,True,False,14714,0,2,10,3353,3425,com,2645,276,0.978978102189781,0.22787821122740248,0.23277151012641023
385,385,1,False,76,5,Benign,-5.032022731824221,29,139,0,True,False,3240,0,0,0,3240,1123,glups,3286,366,2.8851291184327694,1.0,0.34660493827160493
386,386,2,False,76,11,Malicious,-5.315495060651048,9,113,0,False,True,1553,0,0,3,0,329,com,8260,3061,0.0,0.0,0.21184803605924019
387,387,19,False,76,6,Benign,-3.38721805431968,118,367,0,True,False,2643,2,3,17,2396,840,net,2595,326,2.8523809523809525,0.9065455921301552,0.3178206583427923
388,388,0,False,77,20,Malicious,-4.7893427149295515,8,119,1,False,True,0,0,0,0,0,0,x=en_US,7209,825,0.0,0.0,0.0
389,389,2,False,76,5,Benign,-4.512760686388287,2,86,0,True,False,44908,0,1,22,43963,12167,html,0,0,3.613298265800937,0.9789569787120335,0.27093168255099315
390,390,2,False,72,20,Malicious,-4.06667707370723,1,33,0,True,False,92,1,0,0,0,18,com,88,277,0.0,0.0,0.1956521739130435
391,391,0,False,71,9,Benign,-4.701021099593085,33,76,0,False,True,0,0,0,0,0,0,com,88,277,0.0,0.0,0.0
392,392,2,False,76,5,Benign,-4.94924796904317,28,123,4,True,False,0,0,0,0,0,0,jsp?l_code=2104700000&Area=tooth&FTOOTH=21&mdiv=1000900000-bt_5_023_06&ctype=B,0,0,0.0,0.0,0.0
393,393,0,False,76,12,Malicious,-4.995224760012764,6,70,0,False,True,0,0,0,0,0,0,php?pid=7rfyVw,84,281,0.0,0.0,0.0
394,394,6,False,76,14,Malicious,-4.3430572992462935,0,54,0,False,True,0,0,0,0,0,0,html,0,0,0.0,0.0,0.0
395,395,2,False,71,7,Benign,-4.5017617523856535,9,96,0,True,False,10303,1,2,3,117,2561,com,5434,409,0.04568527918781726,0.01135591575269339,0.24856837814228866
396,396,0,False,76,12,Malicious,-4.282484261342601,3,27,0,False,True,0,0,0,0,0,0,online,88,277,0.0,0.0,0.0
397,397,1,False,76,5,Benign,-4.484486460705643,8,99,0,True,False,21982,8,4,59,20039,6239,pe,0,0,3.211892931559545,0.9116094986807388,0.2838231280138295
398,398,13,False,71,13,Malicious,-4.0438016948537925,0,33,0,True,False,0,0,0,0,0,0,com,1480,345,0.0,0.0,0.0
399,399,2,False,71,7,Benign,-4.303047055050745,0,87,0,True,False,12492,1,323,96,8192,3416,html,5886,322,2.398126463700234,0.6557796990073647,0.2734550112071726
400,400,14,False,71,7,Benign,-3.842036385054826,24,209,0,True,False,24278,36,3,272,10494,5934,gr,0,0,1.7684529828109201,0.43224318312875853,0.2444188153884175
401,401,0,False,71,16,Malicious,-3.5225715891363603,0,21,0,False,True,0,0,0,0,0,0,com,87,278,0.0,0.0,0.0
402,402,11,False,71,8,Benign,-4.39830299511556,7,84,0,True,False,34193,10,56,451,21465,9481,net,4988,490,2.2640016875856976,0.6277600678501448,0.27727897522884803
403,403,0,False,72,7,Benign,-3.6841837197791882,0,20,0,True,False,134722,2,19,76,100404,42196,com,9308,552,2.379467248080387,0.7452680334318077,0.31320793931206486
404,404,2,False,0,0,Benign,-5.261095807768469,15,90,1,False,True,8521,0,1,19,6457,2346,com,8260,3061,2.7523444160272805,0.7577749090482337,0.2753197981457575
405,405,2,False,76,5,Benign,-4.411718580449696,2,97,0,True,False,23227,6,40,295,15167,6165,com,6551,1118,2.460178426601784,0.6529900546777457,0.2654238601627416
406,406,8,False,76,14,Malicious,-3.6167292966721742,1,32,0,False,True,0,0,0,0,0,0,com,87,278,0.0,0.0,0.0
407,407,8,False,71,7,Benign,-4.874913126925508,12,101,0,True,False,208,1,0,0,0,41,html,3433,1314,0.0,0.0,0.1971153846153846
408,408,2,False,0,0,Benign,-5.9195812071169325,86,538,0,False,True,64,1,0,0,0,11,net,4025,357,0.0,0.0,0.171875
409,409,0,False,72,19,Malicious,-3.936180434129755,0,23,0,False,True,0,0,0,0,0,0,fun,0,0,0.0,0.0,0.0
410,410,1,False,71,12,Malicious,-3.9898980954642873,0,30,0,False,True,577,1,9,41,185,172,jp,0,0,1.0755813953488371,0.32062391681109187,0.29809358752166376
411,411,2,False,71,7,Benign,-4.552976411644504,6,93,0,True,False,69078,10,3,73,26164,17368,com,7704,1792,1.5064486411791802,0.37876024204522424,0.25142592431743827
412,412,14,False,72,12,Malicious,-3.914689224164244,0,34,0,True,False,106,1,0,0,0,23,com,1640,186,0.0,0.0,0.2169811320754717
413,413,3,False,71,8,Benign,-4.5844395668227,17,84,0,True,False,7438,35,33,294,3923,1874,com,2909,377,2.0933831376734258,0.5274267276149502,0.25194944877655284
414,414,2,False,71,7,Benign,-4.123330237427068,15,86,0,True,False,86769,55,45,309,74693,25028,ua,0,0,2.9843774972031323,0.8608258709907917,0.288444029549724
415,415,0,False,71,15,Malicious,-4.110577243331642,0,28,0,False,True,0,0,0,0,0,0,eu,0,0,0.0,0.0,0.0
416,416,1,False,76,5,Benign,-4.995613420186793,38,153,0,True,False,3240,0,0,0,3240,1123,baby,3286,366,2.8851291184327694,1.0,0.34660493827160493
417,417,2,False,71,7,Benign,-3.999547699509815,69,209,0,True,False,853,0,0,0,853,285,com,7900,499,2.992982456140351,1.0,0.33411488862837047
418,418,0,False,76,11,Malicious,-4.898881669050876,7,73,0,False,True,0,0,0,0,0,0,php?pid=6WIN5X,0,0,0.0,0.0,0.0
419,419,3,False,76,9,Benign,-4.657345363439836,15,120,0,True,False,85201,3,0,76,6280,21371,html,8740,26,0.29385616021711664,0.07370805506977618,0.2508303893146794
420,420,0,False,71,9,Benign,-4.305645006352998,2,52,0,True,False,0,0,0,0,0,0,online,89,277,0.0,0.0,0.0
421,421,2,False,76,5,Benign,-5.033373811632573,18,83,1,False,True,21016,0,1,0,20971,7293,com,5756,87,2.87549705196764,0.997858774267225,0.3470213170917396
422,422,2,False,76,10,Malicious,-5.93788653428759,84,534,0,False,True,64,1,0,0,0,11,net,4025,357,0.0,0.0,0.171875
423,423,0,False,76,13,Malicious,-4.02269698136929,1,41,0,False,True,6411,0,2,2,0,1086,br,3974,408,0.0,0.0,0.16939635002339729
424,424,4,False,76,6,Benign,-4.181882505298646,19,83,0,True,False,957,0,1,11,664,284,ir,0,679,2.3380281690140845,0.6938349007314525,0.296760710553814
425,425,5,False,76,6,Benign,-4.329018958833945,8,97,0,True,False,940,2,0,0,0,194,html,0,0,0.0,0.0,0.20638297872340425
426,426,15,False,76,12,Malicious,-4.107824420288145,1,82,0,True,False,164,1,0,0,0,28,com,196,169,0.0,0.0,0.17073170731707318
427,427,2,False,71,7,Benign,-3.8390176830354763,75,242,0,True,False,15944,1,12,96,12036,4260,net,8641,1584,2.825352112676056,0.7548921224284998,0.2671851480180632
428,428,2,False,71,7,Benign,-4.4690864908249015,8,85,0,True,False,40997,1,0,58,6421,9578,de,0,0,0.6703904781791605,0.15662121618655023,0.23362685074517647
429,429,8,False,71,7,Benign,-4.299534097335498,0,91,0,True,False,214099,9,4,45,212282,56664,com,3675,342,3.7463292390230127,0.9915132718975801,0.2646626093536168
430,430,2,False,71,10,Malicious,-3.873235826376329,0,31,0,True,False,0,0,0,0,0,0,kr,8522,535,0.0,0.0,0.0
431,431,2,False,77,12,Malicious,-4.27716119173492,0,47,0,False,True,2758,1,1,2,0,733,com,5143,335,0.0,0.0,0.26577229876722264
432,432,19,False,76,6,Benign,-4.253108890577853,26,88,0,True,False,4628,18,26,74,2657,1340,net,2595,326,1.9828358208955223,0.574114088159032,0.2895419187554019
433,433,19,False,76,7,Benign,-3.9266577441013313,53,162,0,True,False,2643,2,3,17,2396,840,net,2595,326,2.8523809523809525,0.9065455921301552,0.3178206583427923
434,434,16,False,76,15,Malicious,-3.748994803525096,1,21,0,False,True,8754,6,3,34,7723,2759,ro,0,0,2.799202609641174,0.8822252684487092,0.31517020790495776
435,435,2,False,72,21,Malicious,-4.6635207464574275,4,70,0,True,False,425,0,0,0,414,34,com,418,312,12.176470588235293,0.9741176470588235,0.08
436,436,2,False,76,5,Benign,-4.2641017315040575,0,98,0,True,False,15296,46,66,668,4332,3188,page,8686,443,1.358845671267252,0.2832112970711297,0.2084205020920502
437,437,2,False,71,7,Benign,-4.7088661973772155,10,91,0,True,False,172185,4,1,32,171356,10672,html,4096,2842,16.056596701649177,0.9951854110404507,0.06197984725731045
438,438,2,False,71,7,Benign,-4.329147471627716,7,112,0,True,False,10059,1,3,58,8843,2992,htm,0,0,2.955548128342246,0.8791132319316035,0.2974450740630281
439,439,2,False,66,7,Benign,-4.7623542532963405,12,118,3,True,False,281217,128,234,1563,258542,77303,php?bmatch=seng-v10-p-sm-pers-isqm-chl-moda-0414&id=1487&order=m&string=%7Bstring%7D,7488,0,3.344527379273767,0.9193683169936384,0.2748873645618864
440,440,12,False,71,7,Benign,-4.481038675220642,8,129,0,True,False,17743,23,9,136,13270,5001,start,4285,97,2.6534693061387724,0.7479005805106239,0.28185763399650565
441,441,0,False,76,13,Malicious,-4.803561988741675,7,77,0,True,False,0,0,0,0,0,0,php?id=2,2099,457,0.0,0.0,0.0
442,442,2,False,76,14,Malicious,-4.57103033131444,1,81,0,False,True,0,0,0,0,0,0,com,87,278,0.0,0.0,0.0
443,443,9,False,76,6,Benign,-4.152755229317268,0,86,0,True,False,33,1,0,0,0,4,com,3700,1047,0.0,0.0,0.12121212121212122
444,444,7,False,72,15,Malicious,-4.128724445269142,0,35,0,True,False,56455,1,5,1,0,2569,pl,2671,0,0.0,0.0,0.04550526968381897
445,445,11,False,76,15,Malicious,-4.044003363657553,0,42,0,True,False,788,1,0,0,0,249,php,87,278,0.0,0.0,0.315989847715736
446,446,2,False,63,6,Benign,-4.427266198940316,5,90,0,True,False,12398,7,4,122,10351,3280,com,8784,1808,3.1557926829268292,0.8348927246330053,0.2645587998064204
447,447,2,False,76,5,Benign,-4.521466026884789,9,101,0,True,False,13182,1,4,29,11089,3270,com,9706,1980,3.391131498470948,0.8412228796844181,0.24806554392353208
448,448,3,False,76,16,Malicious,-4.120750542731344,5,46,0,False,True,11900,5,5,4,1389,3578,htm,1447,743,0.388205701509223,0.11672268907563026,0.30067226890756305
449,449,19,False,76,7,Benign,-3.695493749754851,71,206,0,True,False,6165,33,34,60,3297,1660,net,2595,326,1.986144578313253,0.5347931873479319,0.26926196269261965
450,450,0,False,71,11,Malicious,-4.068761984833947,0,45,0,False,True,0,0,0,0,0,0,net,2099,457,0.0,0.0,0.0
451,451,9,False,0,0,Benign,-4.053508854797679,3,24,0,True,False,0,0,0,0,0,0,com,1076,19,0.0,0.0,0.0
452,452,9,False,76,5,Benign,-4.40210210941408,8,120,0,True,False,17982,23,7,142,13474,4990,start,4285,97,2.700200400801603,0.7493048604159716,0.2774997219441664
453,453,2,False,76,5,Benign,-4.565541141471178,8,91,0,True,False,107428,35,20,186,53536,27746,com,8611,153,1.9295033518344986,0.498343076292959,0.25827530997505305
454,454,2,False,71,14,Malicious,-4.5967260855360665,7,47,0,False,True,57896,4,1,51,13882,13822,com,6520,54,1.004340905802344,0.23977476855050436,0.23873842752521762
455,455,1,False,76,6,Benign,-5.0514915218791465,32,128,0,True,False,3240,0,0,0,3240,1123,ajaxen,3286,366,2.8851291184327694,1.0,0.34660493827160493
456,456,0,False,76,9,Benign,-4.1287183624969765,3,51,0,False,True,0,0,0,0,0,0,ws431,0,0,0.0,0.0,0.0
457,457,2,False,76,9,Benign,-5.95142334834208,69,396,0,False,True,64,1,0,0,0,11,net,4025,357,0.0,0.0,0.171875
458,458,0,False,71,17,Malicious,-4.466857823238869,4,51,0,False,True,0,0,0,0,0,0,biz,6688,1711,0.0,0.0,0.0
459,459,3,False,76,10,Malicious,-4.227567157116928,0,40,0,True,False,85201,3,0,76,6280,21371,com,8740,26,0.29385616021711664,0.07370805506977618,0.2508303893146794
460,460,0,False,71,11,Malicious,-4.079143374026009,1,35,0,False,True,0,0,0,0,0,0,com,5363,3,0.0,0.0,0.0
461,461,1,False,71,8,Benign,-4.591892768200661,15,87,0,True,False,0,1,0,0,0,0,html,198,167,0.0,0.0,0.0
462,462,3,False,76,15,Malicious,-4.277567157116929,8,40,0,True,False,33,1,0,0,0,6,A2020,689,41,0.0,0.0,0.18181818181818182
463,463,1,False,76,5,Benign,-4.383766636082108,5,85,0,True,False,14519,3,92,166,7603,3672,com,5638,570,2.070533769063181,0.523658654177285,0.2529099800261726
464,464,3,False,71,7,Benign,-4.51312207954944,19,104,0,True,False,27686,57,49,201,13630,8003,chn,0,0,1.7031113332500312,0.4923065809434371,0.28906306436466084
465,465,0,False,72,16,Malicious,-3.9356237754581382,0,81,0,False,True,0,0,0,0,0,0,php,95,270,0.0,0.0,0.0
466,466,3,False,72,17,Malicious,-4.280068786420963,3,66,0,False,True,11900,5,5,4,1389,3578,html,1447,743,0.388205701509223,0.11672268907563026,0.30067226890756305
467,467,2,False,76,9,Benign,-5.957916994435568,81,478,0,False,True,7476,1,0,0,7362,2106,net,4025,357,3.4957264957264957,0.9847512038523274,0.28170144462279295
468,468,2,True,66,7,Benign,-4.6040177174332735,27,129,4,True,False,3141,0,0,0,3141,942,do?_method=itemCateList&free1=pc&free2=007001006003&free3=item&disp_no=007001006003,8842,655,3.3343949044585988,1.0,0.29990448901623684
469,469,0,False,71,8,Benign,-4.139568433743784,3,88,0,True,False,0,0,0,0,0,0,html,0,0,0.0,0.0,0.0
470,470,2,False,76,5,Benign,-3.947509940923338,31,127,0,True,False,84566,40,31,240,75302,24566,ua,0,0,3.065293495074493,0.8904524276896152,0.2904949979897358
471,471,0,False,71,11,Malicious,-4.137537511266052,3,28,0,True,False,0,0,0,0,0,0,com,86,279,0.0,0.0,0.0
472,472,2,False,72,10,Malicious,-5.186960151214817,7,81,0,False,True,1553,0,0,3,0,329,com,8260,3061,0.0,0.0,0.21184803605924019
473,473,2,False,76,6,Benign,-4.9608080000585115,12,86,0,True,False,0,0,0,0,0,0,ir,0,284,0.0,0.0,0.0
474,474,0,False,72,17,Malicious,-4.076348955520992,0,41,0,False,True,0,0,0,0,0,0,php,0,0,0.0,0.0,0.0
475,475,2,False,76,5,Benign,-4.402703853755892,0,83,0,True,False,14714,0,2,10,3353,3425,com,2645,276,0.978978102189781,0.22787821122740248,0.23277151012641023
476,476,2,False,76,6,Benign,-4.431962332463622,6,97,0,True,False,13468,6,7,119,10036,3692,com,9052,443,2.7183098591549295,0.7451737451737451,0.27413127413127414
477,477,0,False,76,13,Malicious,-4.21519670466252,0,55,0,True,False,766,1,1,0,382,247,hu,0,0,1.5465587044534412,0.49869451697127937,0.3224543080939948
478,478,1,False,76,5,Benign,-4.917074197485789,39,161,0,True,False,3240,0,0,0,3240,1123,ripsalot,3286,366,2.8851291184327694,1.0,0.34660493827160493
479,479,5,False,76,6,Benign,-4.225218721575567,6,87,0,True,False,930,2,0,0,0,191,html,0,0,0.0,0.0,0.2053763440860215
480,480,18,False,71,17,Malicious,-4.80045041998754,31,154,2,False,True,9261,10,9,89,2715,2342,php?websrc=e17ea285ad581008aac6b89b49ab879e&dispatched=74&id=8138015197,1493,332,1.159265584970111,0.2931648850016197,0.2528884569700896
481,481,2,False,71,7,Benign,-4.523335855117724,8,94,0,True,False,24832,1,4,38,22311,6190,com,9706,1980,3.604361873990307,0.8984777706185567,0.24927512886597938
482,482,4,False,71,8,Benign,-4.498687672603364,19,108,0,True,False,28854,56,49,202,13639,8212,chn,0,0,1.660862152946907,0.4726900949608373,0.2846052540375684
483,483,1,False,71,7,Benign,-4.415595309883449,6,98,0,True,False,22270,18,8,276,13431,5659,com,8944,280,2.3733875242975793,0.6030983385720701,0.2541086663673103
484,484,2,False,76,14,Malicious,-4.66816999226466,3,41,0,False,True,5331,2,1,5,1723,1312,link,0,0,1.3132621951219512,0.3232039017069968,0.2461076721065466
485,485,0,False,76,14,Malicious,-3.8588029144615934,0,34,0,False,True,0,0,0,0,0,0,com,0,0,0.0,0.0,0.0
486,486,2,False,76,8,Benign,-4.077747162910945,0,60,0,True,False,0,0,0,0,0,0,html,0,0,0.0,0.0,0.0
487,487,2,False,76,6,Benign,-4.5039800592990185,11,119,0,True,False,193495,10,18,62,175204,49698,com,5395,448,3.5253732544569196,0.9054704255923925,0.25684384609421435
488,488,0,False,71,15,Malicious,-4.027169118440616,0,22,0,False,True,0,0,0,0,0,0,net,84,281,0.0,0.0,0.0
489,489,1,False,71,7,Benign,-4.590421720600305,5,93,0,True,False,14130,3,70,151,7602,3555,com,5638,570,2.138396624472574,0.538004246284501,0.2515923566878981
490,490,2,False,71,7,Benign,-4.086726636825404,0,100,0,True,False,5570,5,19,135,841,1011,br,0,0,0.8318496538081108,0.15098743267504489,0.181508078994614
491,491,0,False,72,15,Malicious,-4.417131373320367,3,54,0,False,True,0,0,0,0,0,0,promo,0,0,0.0,0.0,0.0
492,492,0,False,76,10,Malicious,-5.19490501754496,33,254,0,False,True,0,0,0,0,0,0,com,111,254,0.0,0.0,0.0
493,493,2,False,76,6,Benign,-4.629676273562001,16,116,0,True,False,147238,16,23,130,42220,32921,uk,8670,2972,1.2824640806779868,0.2867466279085562,0.2235903774840734
494,494,0,False,72,15,Malicious,-4.023471592049355,0,38,0,False,True,0,0,0,0,0,0,php,0,0,0.0,0.0,0.0
495,495,2,False,76,6,Benign,-4.162477809678135,18,101,0,True,False,54758,60,95,650,3238,13398,jp,0,0,0.24167786236751754,0.05913291208590526,0.24467657693852954
496,496,0,False,76,9,Benign,-4.417131373320367,3,54,0,False,True,0,0,0,0,0,0,promo,0,0,0.0,0.0,0.0
497,497,2,False,72,10,Malicious,-4.582727669276776,9,71,0,False,True,0,0,0,0,0,0,html,5570,273,0.0,0.0,0.0
498,498,0,False,0,0,Benign,-3.793942707918268,0,40,0,False,True,0,0,0,0,0,0,website,86,280,0.0,0.0,0.0
499,499,0,False,0,0,Benign,-4.8923739460729205,9,134,0,False,True,0,0,0,0,0,0,php?=Smart-TV-LED-58-Samsung-Ultra-HD-4k-58NU7100-com-Conversor-Digital,2099,457,0.0,0.0,0.0
500,500,0,False,76,13,Malicious,-4.030041670814298,4,49,0,False,True,0,0,0,0,0,0,com,5363,3,0.0,0.0,0.0
501,501,1,False,76,7,Benign,-4.991194342254103,15,99,3,True,False,0,1,0,0,0,0,php?bo_table=torrent_tv&wr_id=83422&k=%ED%9B%84%EC%95%84%EC%9C%A0&page=1,1861,330,0.0,0.0,0.0
502,502,2,False,76,5,Benign,-4.410672195665041,10,89,0,True,False,278299,204,178,197,261657,10693,shtml,8826,217,24.46993360142149,0.9402010068307827,0.038422703638891983
503,503,1,False,76,15,Malicious,-4.127108722872343,5,60,0,False,True,0,0,0,0,0,0,kr,85,280,0.0,0.0,0.0
504,504,1,False,71,7,Benign,-4.56977744127033,5,97,0,True,False,17165,3,192,245,7687,4279,com,5638,570,1.7964477681701332,0.44782988639673754,0.24928633847946402
505,505,1,False,71,7,Benign,-4.548305506427937,0,100,2,True,False,367609,2,24,162,219099,95545,in,5178,300,2.293149824689937,0.596010979056552,0.2599093058113376
506,506,2,False,71,7,Benign,-4.24915144917078,112,326,0,False,True,7339,29,3,72,3335,1890,net%2Ft%2Fa0RTcdfFXYeDBC0E+%E3%82%B9%E3%83%AC%E3%83%B3%E3%83%80%E3%83%BC%E3%81%8A%E5%A7%89%E3%81%95%E3%82%93%E3%81%AE%E3%83%95%E3%82%A7%E3%83%A9+%23ero+%23douga+%23agesage,7401,269,1.7645502645502646,0.45442158332197846,0.2575282736067584
507,507,0,False,76,5,Benign,-3.7834651896016473,0,25,0,False,True,134722,2,19,76,100404,42196,com,9308,552,2.379467248080387,0.7452680334318077,0.31320793931206486
508,508,0,False,71,14,Malicious,-4.54546574168762,4,55,0,False,True,0,0,0,0,0,0,com,2972,679,0.0,0.0,0.0
509,509,5,False,76,5,Benign,-4.434693961123896,6,94,0,True,False,937,2,0,0,0,192,html,0,0,0.0,0.0,0.20490928495197439
510,510,5,False,76,11,Malicious,-4.1808329872054415,0,52,0,False,True,16901,15,8,60,7269,3958,br,0,0,1.836533602829712,0.4300928939116029,0.23418732619371635
511,511,7,False,76,10,Malicious,-5.2524211516448425,15,90,0,True,False,298,0,0,0,298,64,de,0,0,4.65625,1.0,0.21476510067114093
512,512,1,False,76,6,Benign,-4.98612109437576,32,138,0,True,False,3240,0,0,0,3240,1123,lim1,3286,366,2.8851291184327694,1.0,0.34660493827160493
513,513,0,False,72,18,Malicious,-4.2886210581343285,0,79,0,False,True,14678,7,2,29,2903,3771,php,2287,269,0.769822328294882,0.197778988963074,0.25691511105055187
514,514,2,False,76,6,Benign,-4.441361765090266,7,115,0,True,False,0,0,0,0,0,0,ru,4041,341,0.0,0.0,0.0
515,515,1,False,71,7,Benign,-4.321103571500288,80,413,8,True,False,5182,8,4,17,4881,1215,in,5178,300,4.017283950617284,0.9419143187958318,0.2344654573523736
516,516,7,False,76,6,Benign,-4.8543813602327415,21,93,0,True,False,84997,8,7,61,81281,31695,to,0,0,2.564473891781038,0.956280809910938,0.3728955139593162
517,517,2,False,71,7,Benign,-4.493523268432939,7,110,0,True,False,43492,8,2,117,31457,13401,org,8240,159,2.3473621371539437,0.7232824427480916,0.30812563230019313
518,518,2,False,76,6,Benign,-4.54525439624417,8,125,0,True,False,76770,2,1,153,70964,23381,com,8144,255,3.0351139814379198,0.9243714992835743,0.30455907255438325
519,519,2,False,71,7,Benign,-4.5102934851595755,13,81,0,True,False,24188,50,61,452,3238,3623,0%20Patch%20Notes%20-%20Forsaken%20Masters,0,0,0.8937344741926581,0.13386803373573672,0.14978501736398214
520,520,1,False,71,7,Benign,-5.131716935798438,29,132,0,True,False,3240,0,0,0,3240,1123,glups,3286,366,2.8851291184327694,1.0,0.34660493827160493
521,521,0,False,71,13,Malicious,-3.6966380020874063,0,37,0,False,True,0,0,0,0,0,0,ml,0,0,0.0,0.0,0.0
522,522,1,False,76,6,Benign,-4.923310353182703,28,171,0,True,False,3240,0,0,0,3240,1123,flac,3286,366,2.8851291184327694,1.0,0.34660493827160493
523,523,2,False,71,7,Benign,-4.099696296175138,4,101,0,True,False,6313,5,19,135,1584,1188,br,0,0,1.3333333333333333,0.25091081894503403,0.18818311420877554
524,524,1,False,76,12,Malicious,-4.043057694064253,0,34,0,False,True,0,0,0,0,0,0,com,1041,54,0.0,0.0,0.0
525,525,4,False,71,8,Benign,-4.055025246485997,0,31,0,True,False,0,0,0,0,0,0,ly,0,0,0.0,0.0,0.0
526,526,2,False,71,13,Malicious,-4.394753587878749,6,51,0,False,True,57896,4,1,51,13882,13822,com,6520,54,1.004340905802344,0.23977476855050436,0.23873842752521762
527,527,8,False,76,6,Benign,-4.306266846163221,8,357,0,True,False,146911,12,8,173,60300,31426,com,9397,3385,1.9187933558200216,0.4104525869403925,0.21391182416565133
528,528,2,False,76,5,Benign,-4.090447024691127,0,88,0,True,False,15239,2,1,4,7945,3853,html,3467,550,2.0620295873345444,0.5213596692696371,0.25283811273705625
529,529,0,False,77,17,Malicious,-4.225185279715573,0,42,0,False,True,0,0,0,0,0,0,php,0,0,0.0,0.0,0.0
530,530,8,False,71,7,Benign,-4.723742658521681,8,113,1,True,False,30551,25,117,153,15613,8288,com,5558,650,1.883807915057915,0.5110471015678701,0.27128408235409646
531,531,2,False,76,5,Benign,-4.6301213244425306,14,96,5,True,False,0,0,0,0,0,0,php?name1st=%E3%81%9B&all=1&all2=1&all3=1&all4=1&p=11,5091,1848,0.0,0.0,0.0
532,532,12,False,71,7,Benign,-4.6207166465720535,14,104,0,True,False,24263,23,10,142,13041,6269,start,4285,97,2.0802360823097783,0.5374850595557021,0.25837695256151344
533,533,2,False,76,6,Benign,-4.305436220718996,6,118,0,True,False,10060,1,3,58,8843,2991,htm,0,0,2.956536275493146,0.8790258449304175,0.2973161033797217
534,534,2,False,76,5,Benign,-4.395774831779098,0,108,1,True,False,55958,39,29,1076,19545,13611,net,7568,102,1.435970905884946,0.34927981700561134,0.24323599842739196
535,535,0,False,0,0,Benign,-4.737461283819794,0,69,0,False,True,0,0,0,0,0,0,php?pid=zOhGLQ,84,281,0.0,0.0,0.0
536,536,11,False,71,10,Malicious,-4.435491334322247,5,77,0,True,False,544,1,0,0,0,87,html,1165,1025,0.0,0.0,0.15992647058823528
537,537,5,False,71,7,Benign,-4.251697973761462,6,122,0,True,False,965,2,0,0,0,200,html,0,0,0.0,0.0,0.20725388601036268
538,538,2,False,76,5,Benign,-4.378795221324113,20,87,0,True,False,14714,0,2,10,3353,3425,com,2645,276,0.978978102189781,0.22787821122740248,0.23277151012641023
539,539,0,False,0,0,Benign,-4.6003943030144105,64,125,0,False,True,0,0,0,0,0,0,com,97,268,0.0,0.0,0.0
540,540,0,False,77,14,Malicious,-4.331976694984912,3,33,0,False,True,0,0,0,0,0,0,com,86,279,0.0,0.0,0.0
541,541,0,False,71,16,Malicious,-5.1471132616107615,20,203,2,False,True,0,0,0,0,0,0,php?dist=deektab&id=15&titulo=Fditadeida-Eltdica-Eem-lea---Aid-Fdyed-Bhilca-Eade-Ifax-BH7L-Bdeta-cam-Timed-561v,0,0,0.0,0.0,0.0
542,542,1,False,77,18,Malicious,-4.184633185441314,1,83,0,True,False,0,0,0,0,0,0,com,0,0,0.0,0.0,0.0
543,543,0,False,0,0,Benign,-5.220164842408094,35,254,0,False,True,0,0,0,0,0,0,com,111,254,0.0,0.0,0.0
544,544,500,False,76,10,Malicious,-5.937829628242378,93,536,0,False,True,64,1,0,0,0,11,net,4025,357,0.0,0.0,0.171875
545,545,19,False,76,7,Benign,-3.498950192604983,131,398,0,True,False,2643,2,3,17,2396,840,net,2595,326,2.8523809523809525,0.9065455921301552,0.3178206583427923
546,546,0,False,77,15,Malicious,-4.312147435537669,1,128,0,True,False,0,0,0,0,0,0,online,915,180,0.0,0.0,0.0
547,547,17,False,76,13,Malicious,-4.198603750787607,0,38,1,True,False,186,1,0,0,0,31,php,0,0,0.0,0.0,0.16666666666666666
548,548,2,False,76,5,Benign,-4.495622050355287,7,98,0,True,False,13913,6,7,123,10314,3808,com,9052,443,2.7085084033613445,0.7413210666283332,0.27370085531517285
549,549,2,False,76,5,Benign,-4.6331926859789885,8,147,2,True,False,21982,8,4,59,20039,6239,pe,0,0,3.211892931559545,0.9116094986807388,0.2838231280138295
